会社名,事業所コード,施設名,指定番号,郵便番号,開設日,住所,開設年数,住所（建物名）,建物構造,電話番号,建物階数,FAX番号,居室数,フリーダイヤル,内SS数,メールアドレス,定員数,URL,サービス種類,サービス有効期限,土地所有区分,敷地面積（㎡数）,敷地面積（坪数）,敷地内駐車場台数,購入金額,坪単価,家賃,契約期間,自動更新の有無,契約年数,土地備考,土地管理会社名,土地管理会社郵便番号,土地管理会社住所,土地管理会社住所（建物名）,土地管理会社電話番号,土地管理会社FAX番号,土地管理会社メールアドレス,土地管理会社URL,土地管理会社備考,土地オーナー氏名,土地オーナー郵便番号,土地オーナー住所,土地オーナー住所（建物名）,土地オーナー電話番号,土地オーナーFAX番号,土地オーナーメールアドレス,土地オーナーURL,土地オーナー備考,電力会社,電気保安管理業者,電気保守点検実施日,PAS有無,PAS更新年月日,キュービクル有無,キュービクルメーカー,キュービクル年式,非常用発電機有無,非常用発電機メーカー,非常用発電機年式,電気設備備考,水道契約会社,受水槽清掃業者,受水槽清掃実施日,浴槽循環方式,ろ過器設置の有無,ろ過器メーカー,ろ過器年式,受水槽設置の有無,受水槽メーカー,受水槽年式,加圧ポンプメーカー,加圧ポンプ年式,浄化槽設置の有無,浄化槽メーカー,浄化槽年式,浄化槽点検・清掃業者,浄化槽点検・清掃実施日,レジオネラ検査実施日,レジオネラ検査結果（初回）,レジオネラ検査結果（2回目）,水道設備備考,ガス会社,ガス保安管理業者,ガス保守点検実施日,ガス設備備考,エレベーター有無,エレベーターメーカー,エレベーター年式,エレベーター保守会社,エレベーター保守実施日,エレベーター設備備考,空調・照明設備有無,空調・照明設備メーカー,空調・照明設備年式,空調・照明保守会社,空調・照明保守実施日,空調・照明設備備考,防犯カメラ管理業者,防犯カメラ年式,防犯カメラ備考,電子錠管理業者,電子錠年式,電子錠備考,防火管理者,消防訓練実施日,消防設備点検業者,消防設備点検実施日,防災実地訓練実施日,防災起動訓練実施日,建物所有区分,建築面積（㎡数）,建築面積（坪数）,竣工日,延床面積（㎡数）,延べ床面積（坪数）,築年数,建築費用,坪単価,耐用年数,建設協力金,建物家賃,建物契約年数,建物契約開始日,建物契約終了日,建物自動更新の有無,施工会社,施工会社連絡先,定期調査会社,調査日,建物備考,建物管理会社名,建物管理会社電話番号,建物管理会社メールアドレス,建物オーナー氏名,建物オーナー電話番号,建物オーナーメールアドレス,図面備考,修繕履歴_最新修繕日,修繕履歴_最新修繕内容,修繕履歴_最新修繕費用,修繕履歴_最新施工業者,修繕履歴_最新カテゴリ,修繕履歴_最新サブカテゴリ,修繕履歴_最新担当者,修繕履歴_最新電話番号,修繕履歴_最新備考,修繕履歴_最新保証期間,修繕履歴_総件数,修繕履歴_総費用,その他契約書_会社名,その他契約書_契約書の種類,その他契約書_契約内容,その他契約書_自動更新の有無,その他契約書_自動更新詳細,その他契約書_契約開始日,その他契約書_契約終了日,その他契約書_金額,その他契約書_備考,給食契約書_会社名,給食契約書_契約書の種類,給食契約書_契約内容,給食契約書_自動更新の有無,給食契約書_契約開始日,給食契約書_契約終了日,給食契約書_金額,給食契約書_備考,駐車場契約書_会社名,駐車場契約書_契約書の種類,駐車場契約書_契約内容,駐車場契約書_自動更新の有無,駐車場契約書_契約開始日,駐車場契約書_契約終了日,駐車場契約書_金額,駐車場契約書_台数,駐車場契約書_備考
株式会社シダー,10901,"あおぞらの里 御幸ヶ原デイサービスセンター",1071200901,,,,,,,,,,,,,,,,デイサービス,"2024年04月01日 ～ 2030年03月31日",賃借,706.06,213.57,26,,,155015,"2024年8月24日 ～ 2026年8月24日",あり,2年,賃貸契約による運営。,株式会社不動産管理センター,508-6594,"59809 White Meadow
Joeyfort, HI 50185-1348",□□プラザ3F,036-771-5656,06-0962-2781,office@realestate-service.jp,,24時間対応可能な管理体制を整備。緊急時の連絡先も明確化されている。,"Mateo Crooks",223-8699,"6978 Johns Freeway
Evanschester, TN 65179",,06-050-6171,059-404-4537,noemi37@example.net,,長期保有を前提とした安定的な賃貸経営を志向。,,,,,,,,,,,,,,,,,,,,,,,,,,,,,,,,,,,,,,,,,,,,,,,,,,,,,,,,,,,,,,,,,,,,,,,,,,,,,,,,,,,,,,,,,,テスト会社22:08:40,テスト契約,,,,,,999999,,テスト給食サービス株式会社,給食業務委託契約書,テスト契約内容,あり（1年毎）,2024-04-01,,,,,,,,,,,,,,これはテスト用の備考です。,2025-10-02,修繕工事,,,外装,塗装,,,,,6,0
株式会社シダー,11201,"あおぞらの里 八千代デイサービスセンター",1171200201,,,,,,,,,,,,,,,,デイサービス,"2024年04月01日 ～ 2030年03月31日",賃借,740.00,223.84,22,,,413820,"2024年11月20日 ～ 2027年11月20日",なし,3年,賃貸契約による運営。,有限会社プロパティマネジメント,807-4790,"7271 Liliane Manor
Hallieton, WA 66546-3199",□□プラザ3F,067-76-8807,072-231-9800,office@property.co.jp,https://www.realestate-pro.co.jp,月次報告書の提出あり。建物の維持管理状況を定期的に報告。,"Prof. Julianne Kulas MD",577-7748,"82075 Augusta Alley Suite 006
Lexieview, WI 41108-5299",マンション○○号室,0020-916-8417,0297-2767-1735,pouros.vicenta@example.net,,不動産投資の一環として複数物件を所有・運営。,,,,,,,,,,,,,,,,,,,,,,,,,,,,,,,,,,,,,,,,,,,,,,,,,,,,,,,,,,,,,,,,,,,,,,,,,,,,,,,,,,,,,,,,,,,,,,,,,,,,,,,,,,,,,,,,,,,,,,2025-09-02,,,関西電気工事株式会社,その他,,,,,,7,0
株式会社シダー,11211,"あおぞらの里 薬円台デイサービスセンター",1171200211,,,,,,,,,,,,,,,,デイサービス,"2024年04月01日 ～ 2030年03月31日",賃借,1919.53,580.62,28,,,472936,"2024年6月11日 ～ 2025年6月11日",なし,1年,賃貸契約による運営。近隣に公共交通機関あり、アクセス良好。周辺環境は住宅地で静穏。,株式会社長谷工リアルエステート,746-8174,"49671 Serenity Throughway
Adelechester, MI 68229-6136",ビジネスセンター8階,0588-00-7321,0235-9370-9068,management@property-mgmt.co.jp,https://www.management-company.com,設備故障時の迅速な対応体制が整っており、信頼性が高い。,"Monique Boehm I",158-7992,"6790 Roob Union Apt. 111
South Lela, NM 44824",△△ハイツ□□号,048-35-3702,,lafayette17@example.com,http://www.kuhic.biz/id-sunt-quidem-cumque-sapiente-ipsa,長期保有を前提とした安定的な賃貸経営を志向。,,,,,,,,,,,,,,,,,,,,,,,,,,,,,,,,,,,,,,,,,,,,,,,,,,,,,,,,,,,,,,,,,,,,,,,,,,,,,,,,,,,,,,,,,,,,,,,,,,,,,,,,,,,,,,,,,,,,,,2025-09-10,,,横浜エレベーター株式会社,その他,,,,,,5,0
株式会社シダー,11221,"あおぞらの里 花見川デイサービスセンター",1171200221,,,,,,,,,,,,,,,,デイサービス,"2024年04月01日 ～ 2030年03月31日",自社（賃貸）,1558.32,471.36,28,57026076,120982,280686,"2025年7月23日 ～ 2030年7月23日",あり,5年,自社所有物件を第三者に賃貸。賃料収入による安定的な収益確保。,,,,,,,,,,社会福祉法人みらい,768-8835,"36870 Heidi Corners
South Corinemouth, DC 88877",□□オフィス,0239-45-4802,04-70-5738,info@medical.co.jp,https://www.healthcare-service.jp,契約更新時の条件交渉においても誠実な対応を心がけている。,,,,,,,,,,,,,,,,,,,,,,,,,,,,,,,,,,,,,,,,,,,,,,,,,,,,,,,,,,,,,,,,,,,,,,,,,,,,,,,,,,,,,,,,,,,,,,,,,,,,,,,,,,,,,,,,,,,,,,2025-05-11,,,,その他,,,,,,4,0
株式会社シダー,11231,"あおぞらの里 六高台デイサービスセンター",1171200231,,,,,,,,,,,,,,,,デイサービス,"2024年04月01日 ～ 2030年03月31日",賃借,1597.82,483.31,20,,,372941,"2025年7月11日 ～ 2027年7月11日",なし,2年,賃貸契約による運営。賃料改定の可能性について定期的に協議。近隣に公共交通機関あり、アクセス良好。,株式会社不動産管理センター,851-4200,"48349 Vidal Fall
Judestad, MO 56061-7688",ビジネスセンター8階,0713-0618-9624,04-731-3058,office@realestate-service.jp,https://www.realestate-pro.co.jp,設備故障時の迅速な対応体制が整っており、信頼性が高い。,"Dr. Jadon Hettinger Jr.",672-3065,"2151 Oberbrunner Hills
Lake Zora, MD 66890",住宅○○,0147-46-8462,,alyson92@example.net,,長期保有を前提とした安定的な賃貸経営を志向。,,,,,,,,,,,,,,,,,,,,,,,,,,,,,,,,,,,,,,,,,,,,,,,,,,,,,,,,,,,,,,,,,,,,,,,,,,,,,,,,,,,,,,,,,,,,,,,,,,,,,,,,,,,,,,,,,,,,,,2025-07-22,,,,その他,,,,,,4,0
株式会社シダー,11232,"あおぞらの里 馬橋デイサービスセンター",1171200232,,,,,,,,,,,,,,,,デイサービス,"2024年04月01日 ～ 2030年03月31日",自社（賃貸）,1482.16,448.32,10,74576239,166346,322563,"2025年2月4日 ～ 2026年2月4日",あり,1年,自社所有物件を第三者に賃貸。,,,,,,,,,,株式会社メディカルケア,735-6199,"527 Laurie Place
West Aleenmouth, MN 88573-1786",ビジネスプラザ,0347-7899-9752,058-26-4376,contact@medical.co.jp,https://www.senior-life.com,契約更新時の条件交渉においても誠実な対応を心がけている。,,,,,,,,,,,,,,,,,,,,,,,,,,,,,,,,,,,,,,,,,,,,,,,,,,,,,,,,,,,,,,,,,,,,,,,,,,,,,,,,,,,,,,,,,,,,,,,,,,,,,,,,,,,,,,,,,,,,,,2025-06-04,,,小林電設,その他,,,,,,3,0
株式会社シダー,11241,"あおぞらの里 鎌ケ谷デイサービスセンター",1171200241,,,,,,,,,,,,,,,,デイサービス,"2024年04月01日 ～ 2030年03月31日",自社（賃貸）,1131.37,342.22,15,32935595,96241,150483,"2025年6月12日 ～ 2028年6月12日",あり,3年,自社所有物件を第三者に賃貸。賃料収入による安定的な収益確保。,,,,,,,,,,株式会社ヘルスケアパートナーズ,092-3297,"70561 Gulgowski Harbors
Majorville, CT 92407",企業会館,0275-12-3558,02-05-9009,contact@medical.co.jp,https://www.medical-care.co.jp,,,,,,,,,,,,,,,,,,,,,,,,,,,,,,,,,,,,,,,,,,,,,,,,,,,,,,,,,,,,,,,,,,,,,,,,,,,,,,,,,,,,,,,,,,,,,,,,,,,,,,,,,,,,,,,,,,,,,,,2025-07-19,,,鈴木設備,その他,,,,,,5,0
株式会社シダー,11251,"あおぞらの里 新柏デイサービスセンター",1171200251,,,,,,,,,,,,,,,,デイサービス,"2024年04月01日 ～ 2030年03月31日",自社（賃貸）,1159.52,350.73,12,51540475,146952,386463,"2025年3月10日 ～ 2026年3月10日",なし,1年,自社所有物件を第三者に賃貸。,,,,,,,,,,株式会社シニアライフサポート,054-5193,"2175 Kirlin Pass Apt. 231
Boehmport, HI 28050",ビジネスプラザ,01-6557-2573,07-97-8510,facility@welfare.or.jp,,事業拡大に伴い、長期的な利用を前提とした契約を希望。,,,,,,,,,,,,,,,,,,,,,,,,,,,,,,,,,,,,,,,,,,,,,,,,,,,,,,,,,,,,,,,,,,,,,,,,,,,,,,,,,,,,,,,,,,,,,,,,,,,,,,,,,,,,,,,,,,,,,,2024-10-20,,,,その他,,,,,,3,0
株式会社シダー,11301,"あおぞらの里 小松川デイサービスセンター",1171200301,,,,,,,,,,,,,,,,デイサービス,"2024年04月01日 ～ 2030年03月31日",賃借,1034.14,312.81,8,,,300418,"2024年10月17日 ～ 2029年10月17日",あり,5年,賃貸契約による運営。契約更新時の条件見直し要検討。,東急リバブル株式会社,140-2321,"614 Arno Underpass Suite 156
North Mollymouth, GA 14689",オフィスタワー15階,035-919-5793,007-049-6283,office@management.com,,地域密着型の管理会社として、きめ細かいサービスを提供。,合同会社不動産開発,196-0490,"90873 Jennie Hollow
Effiebury, MN 16370-5196",アパート△△,04-4299-3298,0690-5686-3873,paul32@example.net,http://feil.com/exercitationem-qui-fugit-eligendi-inventore-vitae-recusandae-voluptatem.html,建物の老朽化に伴う大規模修繕の計画を検討中。,,,,,,,,,,,,,,,,,,,,,,,,,,,,,,,,,,,,,,,,,,,,,,,,,,,,,,,,,,,,,,,,,,,,,,,,,,,,,,,,,,,,,,,,,,,,,,,,,,,,,,,,,,,,,,,,,,,,,,2024-04-26,,,伊藤工業,その他,,,,,,2,0
株式会社シダー,11901,"あおぞらの里 甲府デイサービスセンター",1171200901,,,,,,,,,,,,,,,,デイサービス,"2024年04月01日 ～ 2030年03月31日",賃借,1687.97,510.58,11,,,160277,"2025年1月4日 ～ 2030年1月4日",なし,5年,賃貸契約による運営。契約更新時の条件見直し要検討。,積水ハウス不動産株式会社,360-1101,"61043 Quigley Field
Ernserstad, NE 43037-1655",ビジネスセンター8階,0609-857-1525,05-85-9043,office@management.com,,地域密着型の管理会社として、きめ細かいサービスを提供。,株式会社都市開発,650-7985,"59690 Justen Brook Apt. 961
North Mariahfurt, SD 70170",,028-495-9752,,edison17@example.net,http://www.lesch.com/quia-ullam-molestiae-qui-quis,建物の維持管理に積極的で、定期的な修繕を実施。,,,,,,,,,,,,,,,,,,,,,,,,,,,,,,,,,,,,,,,,,,,,,,,,,,,,,,,,,,,,,,,,,,,,,,,,,,,,,,,,,,,,,,,,,,,,,,,,,,,,,,,,,,,,,,,,,,,,,,2024-11-10,,,,その他,,,,,,5,0
株式会社シダー,11902,"あおぞらの里 甲府南デイサービスセンター",1171200902,,,,,,,,,,,,,,,,デイサービス,"2024年04月01日 ～ 2030年03月31日",賃借,1585.16,479.48,30,,,194015,"2024年11月27日 ～ 2029年11月27日",あり,5年,賃貸契約による運営。,株式会社総合不動産サービス,533-7305,"327 Gay Street
East Jordynberg, WA 34428-9582",○○ビル5F,05-156-4748,0885-002-2862,office@realestate-service.jp,,設備故障時の迅速な対応体制が整っており、信頼性が高い。,"Claire Torp",981-5403,"4932 Erna Inlet
Lake Dustymouth, OK 43829-7781",マンション○○号室,06-530-0897,,,,建物の維持管理に積極的で、定期的な修繕を実施。,,,,,,,,,,,,,,,,,,,,,,,,,,,,,,,,,,,,,,,,,,,,,,,,,,,,,,,,,,,,,,,,,,,,,,,,,,,,,,,,,,,,,,,,,,,,,,,,,,,,,,,,,,,,,,,,,,,,,,2025-07-16,,,加藤住宅設備,その他,,,,,,2,0
株式会社シダー,12001,"あおぞらの里 上田原デイサービスセンター",1271200001,,,,,,,,,,,,,,,,デイサービス,"2024年04月01日 ～ 2030年03月31日",賃借,1386.60,419.42,13,,,219942,"2025年1月26日 ～ 2026年1月26日",なし,1年,賃貸契約による運営。契約更新時の条件見直し要検討。,野村不動産アーバンネット株式会社,056-7380,"8099 Kuvalis Drive
New Benedict, HI 59652",ビジネスセンター8階,0143-95-8321,0081-4516-4580,contact@real-estate.jp,https://www.management-company.com,大手不動産会社系列で、豊富な管理実績とノウハウを保有。,有限会社プロパティホールディングス,794-6863,"414 Roscoe Route
Rueckershire, GA 95336-2616",,002-029-2882,,raegan17@example.org,,地域の発展に貢献したいとの意向で長期契約を希望。,,,,,,,,,,,,,,,,,,,,,,,,,,,,,,,,,,,,,,,,,,,,,,,,,,,,,,,,,,,,,,,,,,,,,,,,,,,,,,,,,,,,,,,,,,,,,,,,,,,,,,,,,,,,,,,,,,,,,,2025-07-19,,,,その他,,,,,,5,0
株式会社シダー,12301,"あおぞらの里 小牧デイサービスセンター",1271200301,,,,,,,,,,,,,,,,デイサービス,"2024年04月01日 ～ 2030年03月31日",賃借,1273.94,385.34,30,,,257024,"2024年12月11日 ～ 2029年12月11日",なし,5年,賃貸契約による運営。利用者の送迎に配慮した駐車場配置。,住友不動産販売株式会社,464-4614,"19603 Demarco Glens Suite 479
Port Tracyfort, MA 60384",,0416-31-3501,002-8876-0260,contact@realestate-service.jp,https://www.realestate-pro.co.jp,設備故障時の迅速な対応体制が整っており、信頼性が高い。,"Ms. Angeline Huel",103-1472,"3544 Harber Lock Suite 975
Port Ricoland, IA 19183-1457",住宅○○,06-53-2010,,emilia.goldner@example.org,,長期保有を前提とした安定的な賃貸経営を志向。,,,,,,,,,,,,,,,,,,,,,,,,,,,,,,,,,,,,,,,,,,,,,,,,,,,,,,,,,,,,,,,,,,,,,,,,,,,,,,,,,,,,,,,,,,,,,,,,,,,,,,,,,,,,,,,,,,,,,,2025-08-28,,,,その他,,,,,,5,0
株式会社シダー,13301,"あおぞらの里 森松デイサービスセンター",1371200301,,,,,,,,,,,,,,,,デイサービス,"2024年04月01日 ～ 2030年03月31日",賃借,1385.22,419.00,26,,,210651,"2025年6月16日 ～ 2028年6月16日",なし,3年,賃貸契約による運営。賃料改定の可能性について定期的に協議。,東急リバブル株式会社,942-5526,"8943 Chelsea Turnpike Suite 753
Ernserton, KY 82458-2394",オフィスタワー15階,0265-81-9634,054-793-0838,management@real-estate.jp,,設備故障時の迅速な対応体制が整っており、信頼性が高い。,"Patience Gottlieb",441-1356,"4737 Gail Freeway Apt. 156
Kacieshire, NM 65495-2268",戸建て住宅,0381-754-6381,065-6245-0557,ada55@example.org,http://legros.com/,,,,,,,,,,,,,,,,,,,,,,,,,,,,,,,,,,,,,,,,,,,,,,,,,,,,,,,,,,,,,,,,,,,,,,,,,,,,,,,,,,,,,,,,,,,,,,,,,,,,,,,,,,,,,,,,,,,,,,,2025-01-02,,,田中電気工事,その他,,,,,,2,0
株式会社シダー,13901,"あおぞらの里 下関デイサービスセンター",1371200901,,,,,,,,,,,,,,,,デイサービス,"2024年04月01日 ～ 2030年03月31日",賃借,751.58,227.34,29,,,303389,"2025年4月3日 ～ 2026年4月3日",なし,1年,賃貸契約による運営。賃料改定の可能性について定期的に協議。周辺環境は住宅地で静穏。,三井不動産リアルティ株式会社,354-7293,"694 Willms Ville Apt. 901
Eleanorebury, NV 51318-9328",商業ビル4F,0783-831-0870,05-43-7044,contact@management.com,https://www.real-estate-service.jp,設備故障時の迅速な対応体制が整っており、信頼性が高い。,"Dr. Glenda Schuppe",357-9441,"8057 Heller Spring
Lulaland, MA 19420-8882",アパート△△,08-380-0875,0846-052-6788,floy99@example.org,,長期保有を前提とした安定的な賃貸経営を志向。,,,,,,,,,,,,,,,,,,,,,,,,,,,,,,,,,,,,,,,,,,,,,,,,,,,,,,,,,,,,,,,,,,,,,,,,,,,,,,,,,,,,,,,,,,,,,,,,,,,,,,,,,,,,,,,,,,,,,,2024-10-16,,,田中電気工事,その他,,,,,,3,0
株式会社シダー,13902,"あおぞらの里 下関幡生デイサービスセンター",1371200902,,,,,,,,,,,,,,,,デイサービス,"2024年04月01日 ～ 2030年03月31日",賃借,1188.95,359.63,26,,,337573,"2025年3月19日 ～ 2026年3月19日",なし,1年,賃貸契約による運営。契約更新時の条件見直し要検討。近隣に公共交通機関あり、アクセス良好。,株式会社長谷工リアルエステート,850-5768,"13265 Chesley Forest
Durganmouth, HI 16030-7672",不動産会館7F,080-5729-0288,01-07-3369,info@realestate-service.jp,https://www.property-care.jp,,有限会社土地活用,662-0304,"3898 Schmeler Trail
Rogersshire, MO 69770",アパート△△,08-4437-3506,0187-1408-6729,epagac@example.com,,不動産投資の一環として複数物件を所有・運営。,,,,,,,,,,,,,,,,,,,,,,,,,,,,,,,,,,,,,,,,,,,,,,,,,,,,,,,,,,,,,,,,,,,,,,,,,,,,,,,,,,,,,,,,,,,,,,,,,,,,,,,,,,,,,,,,,,,,,,2025-06-12,,,,その他,,,,,,3,0
株式会社シダー,14001,"あおぞらの里 小文字デイサービスセンター",1471200001,,,,,,,,,,,,,,,,デイサービス,"2024年04月01日 ～ 2030年03月31日",賃借,1175.40,355.54,6,,,319805,"2024年3月20日 ～ 2029年3月20日",なし,5年,賃貸契約による運営。契約更新時の条件見直し要検討。賃料改定の可能性について定期的に協議。近隣に公共交通機関あり、アクセス良好。,三井不動産リアルティ株式会社,262-6866,"4040 Fisher View
Fadelside, CT 57517",△△タワー12階,062-395-2679,07-0135-9023,info@property-mgmt.co.jp,https://www.property-care.jp,設備故障時の迅速な対応体制が整っており、信頼性が高い。,株式会社リアルエステート,231-8208,"4045 Florida Wall
Marcellaberg, NM 06895-7644",戸建て住宅,0517-21-1627,,dconsidine@example.com,http://www.auer.info/vel-voluptatem-minus-unde-voluptatum-voluptatem-quaerat-est-totam,,,,,,,,,,,,,,,,,,,,,,,,,,,,,,,,,,,,,,,,,,,,,,,,,,,,,,,,,,,,,,,,,,,,,,,,,,,,,,,,,,,,,,,,,,,,,,,,,,,,,,,,,,,,,,,,,,,,,,,2025-06-07,,,田中電気工事,その他,,,,,,2,0
株式会社シダー,14003,"あおぞらの里 徳力デイサービスセンター",1471200003,,,,,,,,,,,,,,,,デイサービス,"2024年04月01日 ～ 2030年03月31日",賃借,780.40,236.06,29,,,484640,"2024年3月18日 ～ 2026年3月18日",あり,2年,賃貸契約による運営。賃料改定の可能性について定期的に協議。,株式会社長谷工リアルエステート,995-0857,"40906 Green Garden Apt. 084
New Earlineport, RI 09042",,089-210-9040,020-707-6135,contact@property-mgmt.co.jp,https://www.real-estate-service.jp,地域密着型の管理会社として、きめ細かいサービスを提供。,"Mathew Stiedemann",865-5053,"3846 Green Points Apt. 246
Milanshire, UT 41005-8246",△△ハイツ□□号,0059-676-6824,,angus.cummings@example.net,,建物の維持管理に積極的で、定期的な修繕を実施。,,,,,,,,,,,,,,,,,,,,,,,,,,,,,,,,,,,,,,,,,,,,,,,,,,,,,,,,,,,,,,,,,,,,,,,,,,,,,,,,,,,,,,,,,,,,,,,,,,,,,,,,,,,,,,,,,,,,,,2025-06-19,,,,その他,,,,,,5,0
株式会社シダー,14005,"あおぞらの里 戸ノ上デイサービスセンター",1471200005,,,,,,,,,,,,,,,,デイサービス,"2024年04月01日 ～ 2030年03月31日",賃借,624.77,188.98,21,,,206890,"2024年12月7日 ～ 2026年12月7日",あり,2年,賃貸契約による運営。,大和ハウス工業株式会社,646-7944,"6281 Von Flats Suite 524
Port Baileemouth, DE 61926-1849",△△タワー12階,00-425-3125,0118-22-6189,contact@management.com,https://www.property-management.co.jp,地域密着型の管理会社として、きめ細かいサービスを提供。,"Dominique Zulauf",305-7959,"659 Brekke Plains Apt. 452
East Samantaberg, IN 29485",マンション○○号室,009-47-0485,06-99-8776,emmett.lynch@example.com,,賃料改定については市場相場を考慮した柔軟な対応。,,,,,,,,,,,,,,,,,,,,,,,,,,,,,,,,,,,,,,,,,,,,,,,,,,,,,,,,,,,,,,,,,,,,,,,,,,,,,,,,,,,,,,,,,,,,,,,,,,,,,,,,,,,,,,,,,,,,,,2024-06-05,,,小林電設,その他,,,,,,2,0
株式会社シダー,14006,"あおぞらの里 黒崎デイサービスセンター",1471200006,,,,,,,,,,,,,,,,デイサービス,"2024年04月01日 ～ 2030年03月31日",賃借,1972.93,596.77,22,,,338312,"2024年2月25日 ～ 2026年2月25日",なし,2年,賃貸契約による運営。契約更新時の条件見直し要検討。,東急リバブル株式会社,644-2751,"2131 Rempel Spring Apt. 663
Nicolaston, LA 93950-3044",ビジネスセンター8階,07-449-9017,09-743-0484,management@property.co.jp,https://www.property-care.jp,地域密着型の管理会社として、きめ細かいサービスを提供。,"Malika Halvorson",133-7738,"530 Karson Pass
North Myron, DC 96046",戸建て住宅,06-9782-7569,020-4092-3834,stoltenberg.edd@example.org,http://www.dickens.com/suscipit-nihil-beatae-reprehenderit-maxime-sed,,,,,,,,,,,,,,,,,,,,,,,,,,,,,,,,,,,,,,,,,,,,,,,,,,,,,,,,,,,,,,,,,,,,,,,,,,,,,,,,,,,,,,,,,,,,,,,,,,,,,,,,,,,,,,,,,,,,,,,2024-02-05,,,渡辺リフォーム,その他,,,,,,2,0
株式会社シダー,14007,"あおぞらの里 鳴水デイサービスセンター",1471200007,,,,,,,,,,,,,,,,デイサービス,"2024年04月01日 ～ 2030年03月31日",自社（賃貸）,860.23,260.20,9,31036396,119279,312503,"2025年7月12日 ～ 2026年7月12日",なし,1年,自社所有物件を第三者に賃貸。,,,,,,,,,,社会福祉法人みらい,742-0667,"78379 Stehr Parkway
Robynfurt, GA 21658-1384",,03-57-4072,0546-2460-8013,office@medical-care.co.jp,https://www.medical-care.co.jp,,,,,,,,,,,,,,,,,,,,,,,,,,,,,,,,,,,,,,,,,,,,,,,,,,,,,,,,,,,,,,,,,,,,,,,,,,,,,,,,,,,,,,,,,,,,,,,,,,,,,,,,,,,,,,,,,,,,,,,2025-05-09,,,,その他,,,,,,2,0
株式会社シダー,14021,"あおぞらの里 香住ヶ丘デイサービスセンター",1471200021,,,,,,,,,,,,,,,,デイサービス,"2024年04月01日 ～ 2030年03月31日",賃借,1988.37,601.44,11,,,159756,"2024年3月22日 ～ 2025年3月22日",あり,1年,賃貸契約による運営。契約更新時の条件見直し要検討。,住友不動産販売株式会社,459-5376,"639 Maynard Junction Apt. 487
Hermannside, NH 38101",ビジネスセンター8階,070-5981-3495,067-7829-3985,management@property.co.jp,,地域密着型の管理会社として、きめ細かいサービスを提供。,"Susana Steuber",518-3122,"857 Schumm Pass Suite 533
North Assuntaton, VA 08243",△△ハイツ□□号,0477-8696-6256,0259-4554-5304,cathryn61@example.net,,賃料改定については市場相場を考慮した柔軟な対応。,,,,,,,,,,,,,,,,,,,,,,,,,,,,,,,,,,,,,,,,,,,,,,,,,,,,,,,,,,,,,,,,,,,,,,,,,,,,,,,,,,,,,,,,,,,,,,,,,,,,,,,,,,,,,,,,,,,,,,2025-09-08,,,,その他,,,,,,4,0
株式会社シダー,14022,"あおぞらの里 和白デイサービスセンター",1471200022,,,,,,,,,,,,,,,,デイサービス,"2024年04月01日 ～ 2030年03月31日",自社（賃貸）,1320.05,399.29,18,39191911,98154,489786,"2024年12月25日 ～ 2025年12月25日",あり,1年,自社所有物件を第三者に賃貸。災害時の避難経路確保済み。,,,,,,,,,,医療法人健康グループ,643-1262,"9837 Lambert Rest Suite 855
Lebsackhaven, CT 28275",企業会館,001-041-3552,0128-57-3707,info@welfare.or.jp,https://www.healthcare-service.jp,医療・介護事業を主力とする安定した事業基盤を持つ企業。,,,,,,,,,,,,,,,,,,,,,,,,,,,,,,,,,,,,,,,,,,,,,,,,,,,,,,,,,,,,,,,,,,,,,,,,,,,,,,,,,,,,,,,,,,,,,,,,,,,,,,,,,,,,,,,,,,,,,,2025-04-20,,,,その他,,,,,,3,0
株式会社シダー,14023,"あおぞらの里 舞松原デイサービスセンター",1471200023,,,,,,,,,,,,,,,,デイサービス,"2024年04月01日 ～ 2030年03月31日",自社（賃貸）,564.47,170.74,27,31114633,182234,330042,"2025年6月9日 ～ 2027年6月9日",なし,2年,自社所有物件を第三者に賃貸。賃料収入による安定的な収益確保。利用者の送迎に配慮した駐車場配置。,,,,,,,,,,社会福祉法人福祉の里,679-3440,"169 Satterfield Points
New Monaland, MO 78817-9187",○○ビル本社,054-1212-4966,0056-41-3112,contact@senior-care.com,https://www.senior-life.com,地域密着型のサービス提供により、利用者からの信頼も厚い。,,,,,,,,,,,,,,,,,,,,,,,,,,,,,,,,,,,,,,,,,,,,,,,,,,,,,,,,,,,,,,,,,,,,,,,,,,,,,,,,,,,,,,,,,,,,,,,,,,,,,,,,,,,,,,,,,,,,,,2025-05-31,,,鈴木設備,その他,,,,,,4,0
株式会社シダー,14024,"あおぞらの里 福岡西デイサービスセンター",1471200024,,,,,,,,,,,,,,,,デイサービス,"2024年04月01日 ～ 2030年03月31日",賃借,1443.84,436.73,27,,,168863,"2025年1月30日 ～ 2026年1月30日",あり,1年,賃貸契約による運営。,積水ハウス不動産株式会社,090-2418,"1662 King Stravenue
Presleyport, WA 70702",ビジネスセンター8階,0024-830-6506,0252-0237-5138,management@property.co.jp,,入居者対応、契約更新手続き等も含めた総合管理サービス。,"Izabella Murphy",986-0975,"79342 Carroll Place
Port Annabelle, NY 48096-2309",,09-130-0058,0815-99-3463,,http://www.franecki.com/minus-molestiae-ut-deleniti-consectetur-voluptates-minus,相続により取得した不動産で、家族経営による管理。,,,,,,,,,,,,,,,,,,,,,,,,,,,,,,,,,,,,,,,,,,,,,,,,,,,,,,,,,,,,,,,,,,,,,,,,,,,,,,,,,,,,,,,,,,,,,,,,,,,,,,,,,,,,,,,,,,,,,,2025-07-20,,,鈴木設備,その他,,,,,,4,0
株式会社シダー,14041,"あおぞらの里 古賀デイサービスセンター",1471200041,,,,,,,,,,,,,,,,デイサービス,"2024年04月01日 ～ 2030年03月31日",自社（賃貸）,1161.70,351.39,26,66508991,189274,368946,"2024年12月5日 ～ 2025年12月5日",なし,1年,自社所有物件を第三者に賃貸。,,,,,,,,,,医療法人愛和会,204-3642,"89811 Crooks Falls Suite 923
North Glennastad, PA 76224-8554",企業会館,018-492-1065,0950-7912-8253,office@healthcare.jp,https://www.healthcare-service.jp,契約更新時の条件交渉においても誠実な対応を心がけている。,,,,,,,,,,,,,,,,,,,,,,,,,,,,,,,,,,,,,,,,,,,,,,,,,,,,,,,,,,,,,,,,,,,,,,,,,,,,,,,,,,,,,,,,,,,,,,,,,,,,,,,,,,,,,,,,,,,,,,2025-06-15,,,,その他,,,,,,3,0
株式会社シダー,14051,"あおぞらの里 行橋デイサービスセンター",1471200051,,,,,,,,,,,,,,,,デイサービス,"2024年04月01日 ～ 2030年03月31日",自社（賃貸）,1634.64,494.45,9,80998821,163816,469488,"2023年9月30日 ～ 2028年9月30日",あり,5年,自社所有物件を第三者に賃貸。近隣に公共交通機関あり、アクセス良好。周辺環境は住宅地で静穏。災害時の避難経路確保済み。,,,,,,,,,,株式会社ヘルスケアパートナーズ,173-5145,"437 Kassulke Mountain Apt. 380
Earlinechester, LA 49033-2827",,00-3057-2961,093-6843-6280,office@medical-care.co.jp,,,,,,,,,,,,,,,,,,,,,,,,,,,,,,,,,,,,,,,,,,,,,,,,,,,,,,,,,,,,,,,,,,,,,,,,,,,,,,,,,,,,,,,,,,,,,,,,,,,,,,,,,,,,,,,,,,,,,,,,2025-02-20,,,田中電気工事,その他,,,,,,3,0
株式会社シダー,14061,"あおぞらの里 豊前デイサービスセンター",1471200061,,,,,,,,,,,,,,,,デイサービス,"2024年04月01日 ～ 2030年03月31日",賃借,1833.39,554.56,25,,,200342,"2025年6月17日 ～ 2026年6月17日",なし,1年,賃貸契約による運営。,株式会社長谷工リアルエステート,233-5323,"789 Carole Locks Apt. 011
Port Carlosview, CT 55518-2098",商業ビル4F,014-4846-0729,0641-007-4245,management@real-estate.jp,,24時間対応可能な管理体制を整備。緊急時の連絡先も明確化されている。,"Quinton Russel",842-6468,"23139 Franz Springs Suite 709
Howellfurt, LA 51374-4814",マンション○○号室,0390-687-1090,,graciela.frami@example.com,,相続により取得した不動産で、家族経営による管理。,,,,,,,,,,,,,,,,,,,,,,,,,,,,,,,,,,,,,,,,,,,,,,,,,,,,,,,,,,,,,,,,,,,,,,,,,,,,,,,,,,,,,,,,,,,,,,,,,,,,,,,,,,,,,,,,,,,,,,2024-07-10,,,加藤住宅設備,その他,,,,,,3,0
株式会社シダー,14301,"あおぞらの里 西原デイサービスセンター",1471200301,,,,,,,,,,,,,,,,デイサービス,"2024年04月01日 ～ 2030年03月31日",自社（賃貸）,1607.42,486.21,7,58143909,119586,487789,"2025年8月25日 ～ 2028年8月25日",なし,3年,自社所有物件を第三者に賃貸。周辺環境は住宅地で静穏。,,,,,,,,,,株式会社ライフケアサービス,021-4466,"98154 Hegmann Park
Hodkiewiczburgh, NV 21463",ビジネスプラザ,0539-758-2490,0563-7841-5865,admin@medical-care.co.jp,https://www.senior-life.com,施設の運営実績が豊富で、適切な管理体制が構築されている。,,,,,,,,,,,,,,,,,,,,,,,,,,,,,,,,,,,,,,,,,,,,,,,,,,,,,,,,,,,,,,,,,,,,,,,,,,,,,,,,,,,,,,,,,,,,,,,,,,,,,,,,,,,,,,,,,,,,,,2025-05-23,,,加藤住宅設備,その他,,,,,,2,0
株式会社シダー,20101,"ラ・ナシカ ていね",2071200101,,,,,,,,,,,,,,,,有料老人ホーム,"2024年04月01日 ～ 2030年03月31日",賃借,1589.46,480.78,43,,,366297,"2024年7月30日 ～ 2026年7月30日",あり,2年,賃貸契約による運営。契約更新時の条件見直し要検討。近隣に公共交通機関あり、アクセス良好。災害時の避難経路確保済み。バリアフリー対応済み。,東急リバブル株式会社,121-1781,"914 Tristian Street
Genechester, OK 34081-5012",不動産会館7F,091-5515-5704,051-581-7273,info@property.co.jp,https://www.realestate-pro.co.jp,清掃・設備点検等の日常管理業務を包括的に委託。,株式会社アセットマネジメント,836-1944,"802 Hansen Vista
Auerborough, WV 42887",戸建て住宅,044-49-7193,0750-70-2960,,http://kautzer.biz/ipsa-minima-suscipit-est-impedit-dolores-sunt-nemo,建物の維持管理に積極的で、定期的な修繕を実施。,,,,,,,,,,,,,,,,,,,,,,,,,,,,,,,,,,,,,,,,,,,,,,,,,,,,,,,,,,,,,,,,,,,,,,,,,,,,,,,,,,,,,,,,,,,,,,,,,,,,,,,,,,,,,,,,,,,,,,2025-04-23,,,,その他,,,,,,4,0
株式会社シダー,20111,"ラ・ナシカ あさり",2071200111,,,,,,,,,,,,,,,,有料老人ホーム,"2024年04月01日 ～ 2030年03月31日",賃借,1916.63,579.74,21,,,438713,"2024年4月9日 ～ 2025年4月9日",なし,1年,賃貸契約による運営。契約更新時の条件見直し要検討。,三井不動産リアルティ株式会社,518-0860,"95494 Homenick Lake Suite 015
Aleenshire, TX 43066-8024",不動産会館7F,0211-337-5301,005-406-5737,contact@management.com,https://www.property-management.co.jp,24時間対応可能な管理体制を整備。緊急時の連絡先も明確化されている。,"Alisa Mueller",396-8828,"6704 Claudie View Apt. 836
West Roelchester, KS 73054-7087",戸建て住宅,01-6231-7637,0378-43-3388,uhowell@example.com,,,,,,,,,,,,,,,,,,,,,,,,,,,,,,,,,,,,,,,,,,,,,,,,,,,,,,,,,,,,,,,,,,,,,,,,,,,,,,,,,,,,,,,,,,,,,,,,,,,,,,,,,,,,,,,,,,,,,,,,2025-08-31,,,田中電気工事,その他,,,,,,4,0
株式会社シダー,20121,"ラ・ナシカ あさひかわ",2071200121,,,,,,,,,,,,,,,,有料老人ホーム,"2024年04月01日 ～ 2030年03月31日",自社（賃貸）,2405.43,727.60,25,110128081,151358,497287,"2025年2月15日 ～ 2027年2月15日",あり,2年,自社所有物件を第三者に賃貸。,,,,,,,,,,社会福祉法人みらい,310-3659,"226 Horacio Forest
Deionmouth, ND 52557",企業会館,040-2305-7733,08-6075-0164,info@healthcare.jp,https://www.medical-care.co.jp,事業拡大に伴い、長期的な利用を前提とした契約を希望。,,,,,,,,,,,,,,,,,,,,,,,,,,,,,,,,,,,,,,,,,,,,,,,,,,,,,,,,,,,,,,,,,,,,,,,,,,,,,,,,,,,,,,,,,,,,,,,,,,,,,,,,,,,,,,,,,,,,,,2024-08-06,,,,その他,,,,,,2,0
株式会社シダー,20401,"ラ・ナシカ せんだい",2071200401,,,,,,,,,,,,,,,,有料老人ホーム,"2024年04月01日 ～ 2030年03月31日",自社（賃貸）,908.63,274.84,10,51495671,187366,495597,"2023年11月29日 ～ 2026年11月29日",なし,3年,自社所有物件を第三者に賃貸。,,,,,,,,,,社会福祉法人愛心会,291-2858,"53007 Haley Tunnel
Mackburgh, AK 33766-9403",○○ビル本社,0198-1462-8362,039-566-9458,admin@welfare.or.jp,https://www.welfare-group.or.jp,施設の運営実績が豊富で、適切な管理体制が構築されている。,,,,,,,,,,,,,,,,,,,,,,,,,,,,,,,,,,,,,,,,,,,,,,,,,,,,,,,,,,,,,,,,,,,,,,,,,,,,,,,,,,,,,,,,,,,,,,,,,,,,,,,,,,,,,,,,,,,,,,2025-05-09,,,加藤住宅設備,その他,,,,,,2,0
株式会社シダー,20501,"ラ・ナシカ あきた",2071200501,,,,,,,,,,,,,,,,有料老人ホーム,"2024年04月01日 ～ 2030年03月31日",賃借,1155.86,349.62,39,,,529300,"2025年3月3日 ～ 2026年3月3日",なし,1年,賃貸契約による運営。賃料改定の可能性について定期的に協議。災害時の避難経路確保済み。,株式会社長谷工リアルエステート,267-4401,"7207 Ephraim Roads Suite 730
Vickiemouth, OH 93675",□□プラザ3F,08-635-4598,08-67-3885,office@property-mgmt.co.jp,https://www.property-management.co.jp,大手不動産会社系列で、豊富な管理実績とノウハウを保有。,"Marlen Shields",676-4073,"2356 Hahn Radial Suite 840
Dareberg, MT 42819-6109",住宅○○,02-9467-8094,081-6568-6199,vince.gibson@example.org,,建物の老朽化に伴う大規模修繕の計画を検討中。,,,,,,,,,,,,,,,,,,,,,,,,,,,,,,,,,,,,,,,,,,,,,,,,,,,,,,,,,,,,,,,,,,,,,,,,,,,,,,,,,,,,,,,,,,,,,,,,,,,,,,,,,,,,,,,,,,,,,,2025-05-29,,,,その他,,,,,,4,0
株式会社シダー,20801,"ラ・ナシカ ひたちなか",2071200801,,,,,,,,,,,,,,,,有料老人ホーム,"2024年04月01日 ～ 2030年03月31日",自社,1410.26,426.58,45,62341254,146142,,,,,自社所有物件として長期的な運営を予定。,,,,,,,,,,,,,,,,,,,,,,,,,,,,,,,,,,,,,,,,,,,,,,,,,,,,,,,,,,,,,,,,,,,,,,,,,,,,,,,,,,,,,,,,,,,,,,,,,,,,,,,,,,,,,,,,,,,,,,,,,,,,,,,,,,,,,,,,2023-12-09,,,,その他,,,,,,2,0
株式会社シダー,20901,"ラ・ナシカ あしかが",2071200901,,,,,,,,,,,,,,,,有料老人ホーム,"2024年04月01日 ～ 2030年03月31日",自社,1371.70,414.91,15,82670403,199249,,,,,自社所有物件として長期的な運営を予定。,,,,,,,,,,,,,,,,,,,,,,,,,,,,,,,,,,,,,,,,,,,,,,,,,,,,,,,,,,,,,,,,,,,,,,,,,,,,,,,,,,,,,,,,,,,,,,,,,,,,,,,,,,,,,,,,,,,,,,,,,,,,,,,,,,,,,,,,2025-04-23,,,伊藤工業,その他,,,,,,3,0
株式会社シダー,21101,"ラ・ナシカ みさと",2171200101,,,,,,,,,,,,,,,,有料老人ホーム,"2024年04月01日 ～ 2030年03月31日",賃借,1983.52,599.98,29,,,541125,"2025年1月18日 ～ 2027年1月18日",なし,2年,賃貸契約による運営。周辺環境は住宅地で静穏。,株式会社不動産管理センター,610-4998,"4797 Martin Station Suite 195
Herzogside, HI 02172-6742",△△タワー12階,0643-6780-0072,08-722-2108,info@realestate-service.jp,https://www.realestate-pro.co.jp,入居者対応、契約更新手続き等も含めた総合管理サービス。,合資会社不動産経営,529-2183,"23714 Keara Field Apt. 799
Lake Jannie, FL 43763",,0828-5375-7949,086-39-5312,heller.cali@example.net,,不動産投資の一環として複数物件を所有・運営。,,,,,,,,,,,,,,,,,,,,,,,,,,,,,,,,,,,,,,,,,,,,,,,,,,,,,,,,,,,,,,,,,,,,,,,,,,,,,,,,,,,,,,,,,,,,,,,,,,,,,,,,,,,,,,,,,,,,,,2025-07-30,,,中村建築,その他,,,,,,3,0
株式会社シダー,21111,"ラ・ナシカ さいたま",2171200111,,,,,,,,,,,,,,,,有料老人ホーム,"2024年04月01日 ～ 2030年03月31日",自社（賃貸）,1838.52,556.12,47,73592472,132332,443340,"2025年4月20日 ～ 2026年4月20日",なし,1年,自社所有物件を第三者に賃貸。,,,,,,,,,,社会福祉法人愛心会,745-6142,"24426 Arvel Prairie Apt. 924
New Leonie, NY 98732",○○ビル本社,01-83-3508,0384-234-8377,office@senior-care.com,https://www.senior-life.com,,,,,,,,,,,,,,,,,,,,,,,,,,,,,,,,,,,,,,,,,,,,,,,,,,,,,,,,,,,,,,,,,,,,,,,,,,,,,,,,,,,,,,,,,,,,,,,,,,,,,,,,,,,,,,,,,,,,,,,2025-07-03,,,,その他,,,,,,4,0
株式会社シダー,21201,"ラ・ナシカ あすみが丘",2171200201,,,,,,,,,,,,,,,,有料老人ホーム,"2024年04月01日 ～ 2030年03月31日",自社（賃貸）,1500.87,453.98,49,70205283,154644,308205,"2025年2月11日 ～ 2028年2月11日",あり,3年,自社所有物件を第三者に賃貸。近隣に公共交通機関あり、アクセス良好。バリアフリー対応済み。,,,,,,,,,,医療法人健康グループ,126-8309,"28793 Goodwin Road
East Betsy, IA 93839",,02-1191-8809,09-646-1640,info@healthcare.jp,https://www.medical-care.co.jp,事業拡大に伴い、長期的な利用を前提とした契約を希望。,,,,,,,,,,,,,,,,,,,,,,,,,,,,,,,,,,,,,,,,,,,,,,,,,,,,,,,,,,,,,,,,,,,,,,,,,,,,,,,,,,,,,,,,,,,,,,,,,,,,,,,,,,,,,,,,,,,,,,2025-06-01,,,株式会社山田工務店,その他,,,,,,5,0
株式会社シダー,21202,"ラ・ナシカ たかしな",2171200202,,,,,,,,,,,,,,,,有料老人ホーム,"2024年04月01日 ～ 2030年03月31日",自社,894.09,270.44,36,32093115,118670,,,,,自社所有物件として長期的な運営を予定。近隣に公共交通機関あり、アクセス良好。災害時の避難経路確保済み。,,,,,,,,,,,,,,,,,,,,,,,,,,,,,,,,,,,,,,,,,,,,,,,,,,,,,,,,,,,,,,,,,,,,,,,,,,,,,,,,,,,,,,,,,,,,,,,,,,,,,,,,,,,,,,,,,,,,,,,,,,,,,,,,,,,,,,,,2025-08-14,,,中村建築,その他,,,,,,4,0
株式会社シダー,21203,"ラ・ナシカ こぶけ",2171200203,,,,,,,,,,,,,,,,有料老人ホーム,"2024年04月01日 ～ 2030年03月31日",自社（賃貸）,2020.22,611.08,24,51289778,83933,574592,"2024年11月9日 ～ 2025年11月9日",なし,1年,自社所有物件を第三者に賃貸。,,,,,,,,,,株式会社ヘルスケアパートナーズ,289-9578,"5715 Nat Corner
Gladysside, MO 95037",□□オフィス,06-29-4890,0700-399-0826,admin@medical-care.co.jp,https://www.senior-life.com,地域密着型のサービス提供により、利用者からの信頼も厚い。,,,,,,,,,,,,,,,,,,,,,,,,,,,,,,,,,,,,,,,,,,,,,,,,,,,,,,,,,,,,,,,,,,,,,,,,,,,,,,,,,,,,,,,,,,,,,,,,,,,,,,,,,,,,,,,,,,,,,,2025-03-19,,,佐藤建設,その他,,,,,,3,0
株式会社シダー,21211,"ラ・ナシカ さくら",2171200211,,,,,,,,,,,,,,,,有料老人ホーム,"2024年04月01日 ～ 2030年03月31日",賃借,1173.15,354.85,32,,,352892,"2024年1月27日 ～ 2026年1月27日",なし,2年,賃貸契約による運営。契約更新時の条件見直し要検討。,株式会社長谷工リアルエステート,016-0301,"13038 Larkin Crossroad
North Melvinport, HI 62973-2615",△△タワー12階,08-1252-4204,074-1358-9512,management@property-mgmt.co.jp,,設備故障時の迅速な対応体制が整っており、信頼性が高い。,株式会社アセットマネジメント,359-9493,"7687 Kub Court
Mohrburgh, DE 61519",戸建て住宅,0296-4353-3730,0522-4446-9336,ethan44@example.com,,,,,,,,,,,,,,,,,,,,,,,,,,,,,,,,,,,,,,,,,,,,,,,,,,,,,,,,,,,,,,,,,,,,,,,,,,,,,,,,,,,,,,,,,,,,,,,,,,,,,,,,,,,,,,,,,,,,,,,,2025-05-24,,,渡辺リフォーム,その他,,,,,,4,0
株式会社シダー,21301,"ラ・ナシカ こまつがわ",2171200301,,,,,,,,,,,,,,,,有料老人ホーム,"2024年04月01日 ～ 2030年03月31日",自社（賃貸）,1619.94,490.00,15,82139680,167632,380836,"2024年1月6日 ～ 2026年1月6日",なし,2年,自社所有物件を第三者に賃貸。賃料収入による安定的な収益確保。テナントとの良好な関係維持を重視。近隣に公共交通機関あり、アクセス良好。,,,,,,,,,,株式会社ライフケアサービス,542-7737,"9737 Legros Cliff Suite 466
East Kaylahview, AR 54851",○○ビル本社,03-795-3160,07-95-8487,office@medical.co.jp,https://www.medical-care.co.jp,建物の維持管理についても積極的に協力する姿勢を示している。,,,,,,,,,,,,,,,,,,,,,,,,,,,,,,,,,,,,,,,,,,,,,,,,,,,,,,,,,,,,,,,,,,,,,,,,,,,,,,,,,,,,,,,,,,,,,,,,,,,,,,,,,,,,,,,,,,,,,,2025-08-12,,,加藤住宅設備,その他,,,,,,5,0
株式会社シダー,21401,"ラ・ナシカ よこすか",2171200401,,,,,,,,,,,,,,,,有料老人ホーム,"2024年04月01日 ～ 2030年03月31日",自社（賃貸）,1826.60,552.51,34,82346090,149040,283396,"2025年7月6日 ～ 2028年7月6日",なし,3年,自社所有物件を第三者に賃貸。賃料収入による安定的な収益確保。近隣に公共交通機関あり、アクセス良好。,,,,,,,,,,医療法人仁愛会,900-6311,"6699 Hagenes Green
New Courtney, IL 73124",□□オフィス,092-2916-2748,001-509-8938,info@healthcare.jp,,地域の高齢化社会に対応したサービス展開を計画中。,,,,,,,,,,,,,,,,,,,,,,,,,,,,,,,,,,,,,,,,,,,,,,,,,,,,,,,,,,,,,,,,,,,,,,,,,,,,,,,,,,,,,,,,,,,,,,,,,,,,,,,,,,,,,,,,,,,,,,2025-06-17,,,渡辺リフォーム,その他,,,,,,4,0
株式会社シダー,21402,"ラ・ナシカ よこすか弐番館",2171200402,,,,,,,,,,,,,,,,有料老人ホーム,"2024年04月01日 ～ 2030年03月31日",賃借,2028.41,613.55,28,,,375918,"2024年12月21日 ～ 2027年12月21日",なし,3年,賃貸契約による運営。,株式会社不動産管理センター,490-9671,"4897 Grimes Island Apt. 610
Lake Brisaburgh, NM 45457-8710",△△タワー12階,092-4714-3245,04-5042-4445,office@realestate-service.jp,,24時間対応可能な管理体制を整備。緊急時の連絡先も明確化されている。,"Jimmy Rohan",709-9321,"2889 Amara Freeway
Kendallberg, AZ 79140",,061-71-5583,0098-47-9014,,,不動産投資の一環として複数物件を所有・運営。,,,,,,,,,,,,,,,,,,,,,,,,,,,,,,,,,,,,,,,,,,,,,,,,,,,,,,,,,,,,,,,,,,,,,,,,,,,,,,,,,,,,,,,,,,,,,,,,,,,,,,,,,,,,,,,,,,,,,,2025-07-28,,,鈴木設備,その他,,,,,,5,0
株式会社シダー,21411,"ラ・ナシカ 上大岡",2171200411,,,,,,,,,,,,,,,,有料老人ホーム,"2024年04月01日 ～ 2030年03月31日",賃借,843.91,255.27,34,,,213655,"2023年11月16日 ～ 2025年11月16日",あり,2年,賃貸契約による運営。契約更新時の条件見直し要検討。賃料改定の可能性について定期的に協議。,積水ハウス不動産株式会社,285-3394,"27496 Daugherty Crossroad
North Joana, ID 91616-6900",○○ビル5F,024-77-4308,07-2289-5292,office@property-mgmt.co.jp,https://www.real-estate-service.jp,大手不動産会社系列で、豊富な管理実績とノウハウを保有。,有限会社プロパティホールディングス,926-6070,"2626 Devin Locks Suite 857
Lake Kobyborough, AZ 17363-7146",住宅○○,01-28-7256,,mmraz@example.net,,建物の老朽化に伴う大規模修繕の計画を検討中。,,,,,,,,,,,,,,,,,,,,,,,,,,,,,,,,,,,,,,,,,,,,,,,,,,,,,,,,,,,,,,,,,,,,,,,,,,,,,,,,,,,,,,,,,,,,,,,,,,,,,,,,,,,,,,,,,,,,,,2025-04-12,,,,その他,,,,,,2,0
株式会社シダー,21901,"ラ・ナシカ こうふ",2171200901,,,,,,,,,,,,,,,,有料老人ホーム,"2024年04月01日 ～ 2030年03月31日",自社（賃貸）,1832.65,554.34,22,102552900,185000,342723,"2025年3月5日 ～ 2027年3月5日",なし,2年,自社所有物件を第三者に賃貸。,,,,,,,,,,株式会社ライフケアサービス,575-6502,"7048 Keebler Station
Rashadport, OR 49854",○○ビル本社,049-002-1244,0271-16-4791,contact@medical.co.jp,,地域の高齢化社会に対応したサービス展開を計画中。,,,,,,,,,,,,,,,,,,,,,,,,,,,,,,,,,,,,,,,,,,,,,,,,,,,,,,,,,,,,,,,,,,,,,,,,,,,,,,,,,,,,,,,,,,,,,,,,,,,,,,,,,,,,,,,,,,,,,,2024-04-16,,,小林電設,その他,,,,,,2,0
株式会社シダー,22001,"ラ・ナシカ ちの",2271200001,,,,,,,,,,,,,,,,有料老人ホーム,"2024年04月01日 ～ 2030年03月31日",自社（賃貸）,2131.93,644.87,31,86212670,133690,396818,"2024年6月17日 ～ 2027年6月17日",なし,3年,自社所有物件を第三者に賃貸。,,,,,,,,,,医療法人健康グループ,052-6912,"9971 Aiyana Harbor Suite 745
Satterfieldshire, KS 39675-0423",△△センター,04-388-3779,0685-421-5259,office@healthcare.jp,https://www.medical-support.co.jp,地域の高齢化社会に対応したサービス展開を計画中。,,,,,,,,,,,,,,,,,,,,,,,,,,,,,,,,,,,,,,,,,,,,,,,,,,,,,,,,,,,,,,,,,,,,,,,,,,,,,,,,,,,,,,,,,,,,,,,,,,,,,,,,,,,,,,,,,,,,,,2025-05-03,,,田中電気工事,その他,,,,,,2,0
株式会社シダー,22011,"ラ・ナシカ うえだ",2271200011,,,,,,,,,,,,,,,,有料老人ホーム,"2024年04月01日 ～ 2030年03月31日",自社（賃貸）,2703.61,817.79,35,124649187,152422,357466,"2024年10月28日 ～ 2025年10月28日",あり,1年,自社所有物件を第三者に賃貸。,,,,,,,,,,株式会社ライフケアサービス,012-5754,"493 Delta Union Apt. 608
Freddyview, IN 00014-0897",○○ビル本社,03-164-5854,01-5027-4518,facility@healthcare.jp,https://www.healthcare-service.jp,地域の高齢化社会に対応したサービス展開を計画中。,,,,,,,,,,,,,,,,,,,,,,,,,,,,,,,,,,,,,,,,,,,,,,,,,,,,,,,,,,,,,,,,,,,,,,,,,,,,,,,,,,,,,,,,,,,,,,,,,,,,,,,,,,,,,,,,,,,,,,2025-09-02,,,小林電設,その他,,,,,,4,0
株式会社シダー,22021,"ラ・ナシカ まつもと",2271200021,,,,,,,,,,,,,,,,有料老人ホーム,"2024年04月01日 ～ 2030年03月31日",自社（賃貸）,2438.19,737.50,25,147074463,199423,317147,"2024年2月6日 ～ 2027年2月6日",なし,3年,自社所有物件を第三者に賃貸。,,,,,,,,,,株式会社シニアライフサポート,642-1530,"857 Turner Mountains
Deckowborough, AK 19525",企業会館,069-50-0204,0035-24-7509,info@medical-care.co.jp,https://www.medical-care.co.jp,施設の運営実績が豊富で、適切な管理体制が構築されている。,,,,,,,,,,,,,,,,,,,,,,,,,,,,,,,,,,,,,,,,,,,,,,,,,,,,,,,,,,,,,,,,,,,,,,,,,,,,,,,,,,,,,,,,,,,,,,,,,,,,,,,,,,,,,,,,,,,,,,2025-07-08,,,加藤住宅設備,その他,,,,,,4,0
株式会社シダー,22022,"ラ・ナシカ まつもと弐番館",2271200022,,,,,,,,,,,,,,,,有料老人ホーム,"2024年04月01日 ～ 2030年03月31日",自社（賃貸）,1470.19,444.70,22,37829740,85068,326540,"2025年8月2日 ～ 2030年8月2日",あり,5年,自社所有物件を第三者に賃貸。,,,,,,,,,,株式会社ケアパートナー,155-7898,"984 Wunsch Lane Suite 135
Rhettberg, GA 98446-1101",企業会館,04-9660-5387,0853-520-4477,contact@medical.co.jp,https://www.medical-care.co.jp,,,,,,,,,,,,,,,,,,,,,,,,,,,,,,,,,,,,,,,,,,,,,,,,,,,,,,,,,,,,,,,,,,,,,,,,,,,,,,,,,,,,,,,,,,,,,,,,,,,,,,,,,,,,,,,,,,,,,,,2025-09-13,,,渡辺リフォーム,その他,,,,,,5,0
株式会社シダー,22201,"ラ・ナシカ しまだ",2271200201,,,,,,,,,,,,,,,,有料老人ホーム,"2024年04月01日 ～ 2030年03月31日",自社（賃貸）,995.34,301.07,36,33795409,112251,402208,"2025年5月20日 ～ 2027年5月20日",あり,2年,自社所有物件を第三者に賃貸。周辺環境は住宅地で静穏。,,,,,,,,,,株式会社ケアパートナー,263-9382,"43659 Gislason Hills
Batzbury, ME 93237-9505",企業会館,06-75-8828,08-8979-1324,contact@senior-care.com,https://www.medical-support.co.jp,,,,,,,,,,,,,,,,,,,,,,,,,,,,,,,,,,,,,,,,,,,,,,,,,,,,,,,,,,,,,,,,,,,,,,,,,,,,,,,,,,,,,,,,,,,,,,,,,,,,,,,,,,,,,,,,,,,,,,,2025-02-02,,,株式会社山田工務店,その他,,,,,,2,0
株式会社シダー,22211,"ラ・ナシカ 三保の松原",2271200211,,,,,,,,,,,,,,,,有料老人ホーム,"2024年04月01日 ～ 2030年03月31日",自社（賃貸）,2378.53,719.46,12,74488572,103534,377615,"2025年2月8日 ～ 2026年2月8日",なし,1年,自社所有物件を第三者に賃貸。,,,,,,,,,,医療法人清和会,132-3911,"747 Candelario Branch Apt. 013
Conradport, NY 63643",□□オフィス,0081-6799-6959,0196-100-0265,facility@medical-care.co.jp,https://www.medical-care.co.jp,事業拡大に伴い、長期的な利用を前提とした契約を希望。,,,,,,,,,,,,,,,,,,,,,,,,,,,,,,,,,,,,,,,,,,,,,,,,,,,,,,,,,,,,,,,,,,,,,,,,,,,,,,,,,,,,,,,,,,,,,,,,,,,,,,,,,,,,,,,,,,,,,,2024-10-12,,,株式会社山田工務店,その他,,,,,,3,0
株式会社シダー,22301,"ラ・ナシカ あらこがわ",2271200301,,,,,,,,,,,,,,,,有料老人ホーム,"2024年04月01日 ～ 2030年03月31日",自社,2755.89,833.60,20,67033110,80414,,,,,自社所有物件として長期的な運営を予定。,,,,,,,,,,,,,,,,,,,,,,,,,,,,,,,,,,,,,,,,,,,,,,,,,,,,,,,,,,,,,,,,,,,,,,,,,,,,,,,,,,,,,,,,,,,,,,,,,,,,,,,,,,,,,,,,,,,,,,,,,,,,,,,,,,,,,,,,2025-04-06,,,田中電気工事,その他,,,,,,4,0
株式会社シダー,22701,"ラ・ナシカ つるみ",2271200701,,,,,,,,,,,,,,,,有料老人ホーム,"2024年04月01日 ～ 2030年03月31日",自社,1689.45,511.03,36,68873557,134774,,,,,自社所有物件として長期的な運営を予定。近隣に公共交通機関あり、アクセス良好。,,,,,,,,,,,,,,,,,,,,,,,,,,,,,,,,,,,,,,,,,,,,,,,,,,,,,,,,,,,,,,,,,,,,,,,,,,,,,,,,,,,,,,,,,,,,,,,,,,,,,,,,,,,,,,,,,,,,,,,,,,,,,,,,,,,,,,,,2025-03-21,,,田中電気工事,その他,,,,,,3,0
株式会社シダー,22702,"ラ・ナシカ すみのえ",2271200702,,,,,,,,,,,,,,,,有料老人ホーム,"2024年04月01日 ～ 2030年03月31日",賃借,2222.35,672.22,33,,,526977,"2024年11月10日 ～ 2027年11月10日",なし,3年,賃貸契約による運営。契約更新時の条件見直し要検討。近隣に公共交通機関あり、アクセス良好。,東急リバブル株式会社,231-6990,"6438 Makenzie Port Apt. 714
Hermanmouth, IA 81476",オフィスタワー15階,06-881-4753,08-519-3283,support@property.co.jp,,大手不動産会社系列で、豊富な管理実績とノウハウを保有。,"Milton Runolfsson",905-4080,"16071 Adalberto Passage
Rosenbaumchester, KY 21556",△△ハイツ□□号,0665-060-6200,0297-85-1079,marks.norris@example.net,,,,,,,,,,,,,,,,,,,,,,,,,,,,,,,,,,,,,,,,,,,,,,,,,,,,,,,,,,,,,,,,,,,,,,,,,,,,,,,,,,,,,,,,,,,,,,,,,,,,,,,,,,,,,,,,,,,,,,,,2024-07-16,,,,その他,,,,,,2,0
株式会社シダー,22703,"ラ・ナシカ このはな",2271200703,,,,,,,,,,,,,,,,有料老人ホーム,"2024年04月01日 ～ 2030年03月31日",賃借,2414.70,730.40,30,,,381134,"2025年6月2日 ～ 2026年6月2日",あり,1年,賃貸契約による運営。契約更新時の条件見直し要検討。,住友不動産販売株式会社,941-7060,"7054 Rafaela Pike Apt. 386
Feiltown, ND 35084-0678",商業ビル4F,048-0247-1665,090-78-6969,contact@property.co.jp,https://www.management-company.com,清掃・設備点検等の日常管理業務を包括的に委託。,"Dr. Brannon Purdy",103-0123,"14935 Vivian Village Suite 601
Port Christyhaven, WV 99483-1725",戸建て住宅,09-64-3431,,kbotsford@example.net,,相続により取得した不動産で、家族経営による管理。,,,,,,,,,,,,,,,,,,,,,,,,,,,,,,,,,,,,,,,,,,,,,,,,,,,,,,,,,,,,,,,,,,,,,,,,,,,,,,,,,,,,,,,,,,,,,,,,,,,,,,,,,,,,,,,,,,,,,,2025-03-29,,,,その他,,,,,,3,0
株式会社シダー,22711,"ラ・ナシカ かみいし",2271200711,,,,,,,,,,,,,,,,有料老人ホーム,"2024年04月01日 ～ 2030年03月31日",賃借,2397.96,725.34,41,,,584860,"2024年8月22日 ～ 2026年8月22日",なし,2年,賃貸契約による運営。契約更新時の条件見直し要検討。,株式会社不動産管理センター,120-7707,"95058 Satterfield Point Suite 164
Hudsonberg, AZ 91486",オフィスタワー15階,0632-5611-4762,06-02-6048,contact@realestate-service.jp,https://www.management-company.com,清掃・設備点検等の日常管理業務を包括的に委託。,"Trevor Lubowitz",271-7798,"96491 Tremaine Orchard Suite 484
Bradmouth, IL 13209-5503",マンション○○号室,0310-0061-4579,0014-98-5322,lorenza53@example.net,,地域の発展に貢献したいとの意向で長期契約を希望。,,,,,,,,,,,,,,,,,,,,,,,,,,,,,,,,,,,,,,,,,,,,,,,,,,,,,,,,,,,,,,,,,,,,,,,,,,,,,,,,,,,,,,,,,,,,,,,,,,,,,,,,,,,,,,,,,,,,,,2025-08-15,,,渡辺リフォーム,その他,,,,,,2,0
株式会社シダー,23201,"ラ・ナシカ こうざい",2371200201,,,,,,,,,,,,,,,,有料老人ホーム,"2024年04月01日 ～ 2030年03月31日",賃借,1873.20,566.61,34,,,557337,"2025年2月9日 ～ 2028年2月9日",なし,3年,賃貸契約による運営。契約更新時の条件見直し要検討。周辺環境は住宅地で静穏。,株式会社長谷工リアルエステート,453-2591,"88561 Rosenbaum Tunnel Suite 339
Lake Johannmouth, ID 26705",不動産会館7F,09-81-5516,067-098-2351,support@property.co.jp,https://www.real-estate-service.jp,入居者対応、契約更新手続き等も含めた総合管理サービス。,"Jakayla Aufderhar",211-9085,"55016 Murray Grove Suite 486
Arvidmouth, PA 65313",△△ハイツ□□号,0740-7828-5474,02-5723-8790,gail.moen@example.com,,相続により取得した不動産で、家族経営による管理。,,,,,,,,,,,,,,,,,,,,,,,,,,,,,,,,,,,,,,,,,,,,,,,,,,,,,,,,,,,,,,,,,,,,,,,,,,,,,,,,,,,,,,,,,,,,,,,,,,,,,,,,,,,,,,,,,,,,,,2025-04-01,,,渡辺リフォーム,その他,,,,,,2,0
株式会社シダー,23301,"ラ・ナシカ もりまつ",2371200301,,,,,,,,,,,,,,,,有料老人ホーム,"2024年04月01日 ～ 2030年03月31日",自社（賃貸）,966.73,292.42,46,31948640,109256,388168,"2024年1月3日 ～ 2025年1月3日",あり,1年,自社所有物件を第三者に賃貸。テナントとの良好な関係維持を重視。,,,,,,,,,,医療法人仁愛会,379-6034,"66586 Stanton Courts Suite 389
West Heloise, PA 48533-5755",ビジネスプラザ,04-86-2916,0044-788-6495,office@welfare.or.jp,https://www.healthcare-service.jp,地域密着型のサービス提供により、利用者からの信頼も厚い。,,,,,,,,,,,,,,,,,,,,,,,,,,,,,,,,,,,,,,,,,,,,,,,,,,,,,,,,,,,,,,,,,,,,,,,,,,,,,,,,,,,,,,,,,,,,,,,,,,,,,,,,,,,,,,,,,,,,,,2025-09-05,,,伊藤工業,その他,,,,,,3,0
株式会社シダー,23701,"ラ・ナシカ くらしき",2371200701,,,,,,,,,,,,,,,,有料老人ホーム,"2024年04月01日 ～ 2030年03月31日",自社（賃貸）,1923.85,581.93,42,109945199,188932,285545,"2024年4月1日 ～ 2027年4月1日",あり,3年,自社所有物件を第三者に賃貸。,,,,,,,,,,医療法人愛和会,042-7419,"151 Bridgette Flats Suite 202
Murielstad, NY 77920",△△センター,01-1685-7152,005-52-0876,facility@welfare.or.jp,https://www.welfare-group.or.jp,,,,,,,,,,,,,,,,,,,,,,,,,,,,,,,,,,,,,,,,,,,,,,,,,,,,,,,,,,,,,,,,,,,,,,,,,,,,,,,,,,,,,,,,,,,,,,,,,,,,,,,,,,,,,,,,,,,,,,,2025-09-14,,,佐藤建設,その他,,,,,,3,0
株式会社シダー,23711,"ラ・ナシカ くにとみ",2371200711,,,,,,,,,,,,,,,,有料老人ホーム,"2024年04月01日 ～ 2030年03月31日",自社,2597.20,785.60,32,152904470,194634,,,,,自社所有物件として長期的な運営を予定。将来的な増築・改修計画あり。土地・建物の資産価値維持のため定期メンテナンス実施。近隣に公共交通機関あり、アクセス良好。,,,,,,,,,,,,,,,,,,,,,,,,,,,,,,,,,,,,,,,,,,,,,,,,,,,,,,,,,,,,,,,,,,,,,,,,,,,,,,,,,,,,,,,,,,,,,,,,,,,,,,,,,,,,,,,,,,,,,,,,,,,,,,,,,,,,,,,,2025-05-17,,,田中電気工事,その他,,,,,,2,0
株式会社シダー,24001,"ラ・ナシカ ふじまつ",2471200001,,,,,,,,,,,,,,,,有料老人ホーム,"2024年04月01日 ～ 2030年03月31日",自社,1547.90,468.21,35,41052185,87679,,,,,自社所有物件として長期的な運営を予定。バリアフリー対応済み。,,,,,,,,,,,,,,,,,,,,,,,,,,,,,,,,,,,,,,,,,,,,,,,,,,,,,,,,,,,,,,,,,,,,,,,,,,,,,,,,,,,,,,,,,,,,,,,,,,,,,,,,,,,,,,,,,,,,,,,,,,,,,,,,,,,,,,,,2024-12-13,,,渡辺リフォーム,その他,,,,,,2,0
株式会社シダー,24002,"ラ・ナシカ こくら",2471200002,802-0072,2017-07-01,福岡県北九州市小倉北区東篠崎3-2-22,8,,鉄骨造,093-952-1155,4,093-952-1225,60,0120-020-606,5,rh-kokura@cedar-web.com,5,https://www.cedar-group.co.jp/portal/facilities/detail---id-29.html,"北九州市指定特定施設入居者生活介護（一般型）, 北九州市指定介護予防特定施設入居者生活介護（一般型）, 北九州市指定短期入所生活介護（併設型）, 北九州市指定介護予防短期入所生活介護（併設型）","2020年01月01日 ～ 2026年12月31日, 2020年01月02日 ～ 2027年01月01日, 2020年01月03日 ～ 2027年01月02日, 2020年01月04日 ～ 2027年01月03日",自社,1764.28,533.66,13,48356534,90613,,,,,自社所有物件として長期的な運営を予定。,,,,,,,,,,,,,,,,,,,自社,600.00,181.50,,600.00,181.50,,500000000000,2754820936.64,,500000000000,3000000,,,,,,,,,,,,,,,,株式会社,株式会社,2025-09-18,有,2025-09-18,有,"ああ, aa","2025, 2222",有,"株式会社, 株式会社","2222, 2020",ああああああああああああああああああああああああああああああああああああああああああああああああああああああああああああああああああああああああああああああああああああああああああああああああああああああああああああああああああああああああああああああああああああああああ,株式会社,株式会社,2025-09-24,循環式,,,2005,有,株式会社,2005,"株式会社, 株式会社",2000,,,,,,"2025-09-30, 2025-09-30",,,,,,,テスト,有,,,,,,,,,,,,,,,,,,テスト,2025-09-30,test,2025-09-30,2025-09-30,,,株式会社,,,,,,,,,株式会社,,,,,,,,,,,,,,,,,,テスト,2026-05-28,修繕工事,,,その他,改修工事,,,,,19,0
株式会社シダー,24011,"ラ・ナシカ みとま",2471200011,,,,,,,,,,,,,,,,有料老人ホーム,"2024年04月01日 ～ 2030年03月31日",自社,2705.61,818.39,29,147270917,179952,,,,,自社所有物件として長期的な運営を予定。近隣に公共交通機関あり、アクセス良好。,,,,,,,,,,,,,,,,,,,,,,,,,,,,,,,,,,,,,,,,,,,,,,,,,,,,,,,,,,,,,,,,,,,,,,,,,,,,,,,,,,,,,,,,,,,,,,,,,,,,,,,,,,,,,,,,,,,,,,,,,,,,,,,,,,,,,,,,2025-08-23,,,佐藤建設,その他,,,,,,3,0
株式会社シダー,24012,"ラ・ナシカ ちはや",2471200012,,,,,,,,,,,,,,,,有料老人ホーム,"2024年04月01日 ～ 2030年03月31日",自社（賃貸）,2292.13,693.32,26,106667282,153850,240430,"2024年7月19日 ～ 2027年7月19日",なし,3年,自社所有物件を第三者に賃貸。周辺環境は住宅地で静穏。,,,,,,,,,,社会福祉法人みらい,514-9829,"6259 Krystal Plains
Stehrland, RI 26399-3988",○○ビル本社,09-85-3373,01-785-0372,admin@welfare.or.jp,https://www.senior-life.com,事業拡大に伴い、長期的な利用を前提とした契約を希望。,,,,,,,,,,,,,,,,,,,,,,,,,,,,,,,,,,,,,,,,,,,,,,,,,,,,,,,,,,,,,,,,,,,,,,,,,,,,,,,,,,,,,,,,,,,,,,,,,,,,,,,,,,,,,,,,,,,,,,2025-07-28,,,,その他,,,,,,5,0
株式会社シダー,24021,"ラ・ナシカ おとがな",2471200021,,,,,,,,,,,,,,,,有料老人ホーム,"2024年04月01日 ～ 2030年03月31日",自社,1871.58,566.12,28,63852675,112790,,,,,自社所有物件として長期的な運営を予定。将来的な増築・改修計画あり。,,,,,,,,,,,,,,,,,,,,,,,,,,,,,,,,,,,,,,,,,,,,,,,,,,,,,,,,,,,,,,,,,,,,,,,,,,,,,,,,,,,,,,,,,,,,,,,,,,,,,,,,,,,,,,,,,,,,,,,,,,,,,,,,,,,,,,,,2025-06-29,,,株式会社山田工務店,その他,,,,,,5,0
株式会社シダー,31301,"あおぞらの里 グループホーム小松川",3171200301,,,,,,,,,,,,,,,,グループホーム,"2024年04月01日 ～ 2030年03月31日",賃借,1420.26,429.60,14,,,249757,"2025年5月19日 ～ 2027年5月19日",なし,2年,賃貸契約による運営。賃料改定の可能性について定期的に協議。近隣に公共交通機関あり、アクセス良好。,野村不動産アーバンネット株式会社,732-8107,"59437 Aisha Stravenue Apt. 410Schambergertown, DE 57998",商業ビル4F,02-2726-7844,02-8538-6906,contact@real-estate.jp,,,"Mrs. Rae Harber V",587-0943,"77350 Harmony Pine Suite 592Katelynport, WY 07580-5392",戸建て住宅,,,bednar.jadon@example.com,https://www.oberbrunner.biz/et-impedit-et-sed-ut-eum,不動産投資の一環として複数物件を所有・運営。,,,,,,,,,,,,,,,,,,,,,,,,,,,,,,,,,,,,,,,,,,,,,,,,,,,,,,,,,2025-09-28,陰性,陰性,,,,,,有,,,,,,,,,,,,株式会社,２００５,,株式会社,,,,,,,,,,株式会社,,,,,2025-09-29,2025-09-29,10000000000,,株式会社,売買契約書、賃貸契約書、覚書等,テスト,なし,2025-09-29,,,,,,,あり,2025-09-29,2025-09-29,,,,,,2025-03-03,,,高橋塗装,その他,,,,,,5,0
株式会社シダー,34001,"あおぞらの里 グループホーム黒崎",3471200001,,,,,,,,,,,,,,,,グループホーム,"2024年04月01日 ～ 2030年03月31日",賃借,1824.40,551.85,27,,,226783,"2025年7月25日 ～ 2028年7月25日",あり,3年,賃貸契約による運営。近隣に公共交通機関あり、アクセス良好。バリアフリー対応済み。,株式会社長谷工リアルエステート,196-2141,"74288 Walker Circle Suite 820
Port Iva, TN 28822-9664",△△タワー12階,05-72-9097,03-7141-4159,info@management.com,https://www.property-management.co.jp,入居者対応、契約更新手続き等も含めた総合管理サービス。,"Dr. Unique Vandervort",968-5193,"17531 Sigrid Path Apt. 296
North Domenickstad, WA 74306-3698",アパート△△,0047-693-9058,042-5568-4742,monahan.elise@example.org,,長期保有を前提とした安定的な賃貸経営を志向。,,,,,,,,,,,,,,,,,,,,,,,,,,,,,,,,,,,,,,,,,,,,,,,,,,,,,,,,,,,,,,,,,,,,,,,,,,,,,,,,,,,,,,,,,,,,,,,,,,,,,,,,,,,,,,,,,,,,,,2025-08-03,,,加藤住宅設備,その他,,,,,,2,0
株式会社シダー,43901,"あおぞらの里 下関訪問看護ステーション",4371200901,,,,,,,,,,,,,,,,訪問看護,"2024年04月01日 ～ 2030年03月31日",自社（賃貸）,1548.87,468.50,37,70963227,151469,230588,"2024年11月6日 ～ 2026年11月6日",あり,2年,自社所有物件を第三者に賃貸。災害時の避難経路確保済み。バリアフリー対応済み。,,,,,,,,,,株式会社ライフケアサービス,881-8170,"631 Pamela Courts Apt. 009
Thaddeushaven, WI 35533-8179",△△センター,0560-8686-8166,037-125-3701,facility@senior-care.com,https://www.senior-life.com,医療・介護事業を主力とする安定した事業基盤を持つ企業。,,,,,,,,,,,,,,,,,,,,,,,,,,,,,,,,,,,,,,,,,,,,,,,,,,,,,,,,,,,,,,,,,,,,,,,,,,,,,,,,,,,,,,,,,,,,,,,,,,,,,,,,,,,,,,,,,,,,,,2025-01-01,,,,その他,,,,,,2,0
株式会社シダー,44001,"あおぞらの里 小文字訪問看護ステ－ション",4471200001,,,,,,,,,,,,,,,,訪問看護,"2024年04月01日 ～ 2030年03月31日",自社,1858.34,562.11,18,109085315,194064,,,,,自社所有物件として長期的な運営を予定。将来的な増築・改修計画あり。,,,,,,,,,,,,,,,,,,,,,,,,,,,,,,,,,,,,,,,,,,,,,,,,,,,,,,,,,,,,,,,,,,,,,,,,,,,,,,,,,,,,,,,,,,,,,,,,,,,,,,,,,,,,,,,,,,,,,,,,,,,,,,,,,,,,,,,,2025-01-22,,,鈴木設備,その他,,,,,,5,0
株式会社シダー,44011,"あおぞらの里 和白訪問看護ステーション",4471200011,,,,,,,,,,,,,,,,訪問看護,"2024年04月01日 ～ 2030年03月31日",自社,2458.95,743.78,10,71350815,95930,,,,,自社所有物件として長期的な運営を予定。将来的な増築・改修計画あり。災害時の避難経路確保済み。バリアフリー対応済み。,,,,,,,,,,,,,,,,,,,,,,,,,,,,,,,,,,,,,,,,,,,,,,,,,,,,,,,,,,,,,,,,,,,,,,,,,,,,,,,,,,,,,,,,,,,,,,,,,,,,,,,,,,,,,,,,,,,,,,,,,,,,,,,,,,,,,,,,2025-08-31,,,渡辺リフォーム,その他,,,,,,5,0
株式会社シダー,44021,"あおぞらの里 古賀訪問看護ステーション",4471200021,,,,,,,,,,,,,,,,訪問看護,"2024年04月01日 ～ 2030年03月31日",自社,1694.57,512.57,17,46518803,90756,,,,,自社所有物件として長期的な運営を予定。将来的な増築・改修計画あり。近隣に公共交通機関あり、アクセス良好。,,,,,,,,,,,,,,,,,,,,,,,,,,,,,,,,,,,,,,,,,,,,,,,,,,,,,,,,,,,,,,,,,,,,,,,,,,,,,,,,,,,,,,,,,,,,,,,,,,,,,,,,,,,,,,,,,,,,,,,,,,,,,,,,,,,,,,,,2025-03-30,,,加藤住宅設備,その他,,,,,,5,0
株式会社シダー,44031,"あおぞらの里 行橋訪問看護ステーション",4471200031,,,,,,,,,,,,,,,,訪問看護,"2024年04月01日 ～ 2030年03月31日",賃借,2156.33,652.25,36,,,348976,"2025年3月19日 ～ 2027年3月19日",なし,2年,賃貸契約による運営。,野村不動産アーバンネット株式会社,736-0618,"7595 Ike Walk Suite 995
New Delphiaside, HI 86925",不動産会館7F,096-345-7713,058-36-4641,management@management.com,,大手不動産会社系列で、豊富な管理実績とノウハウを保有。,"Jodie Hirthe",579-8488,"6765 Caitlyn Mountains Suite 398
Port Clemens, NJ 60686",,0241-224-1610,0492-97-9844,adaline.green@example.net,,建物の老朽化に伴う大規模修繕の計画を検討中。,,,,,,,,,,,,,,,,,,,,,,,,,,,,,,,,,,,,,,,,,,,,,,,,,,,,,,,,,,,,,,,,,,,,,,,,,,,,,,,,,,,,,,,,,,,,,,,,,,,,,,,,,,,,,,,,,,,,,,2025-03-27,,,株式会社山田工務店,その他,,,,,,3,0
株式会社シダー,44041,"あおぞらの里 水巻訪問看護ステーション",4471200041,,,,,,,,,,,,,,,,訪問看護,"2024年04月01日 ～ 2030年03月31日",自社（賃貸）,2987.24,903.58,40,109550943,121241,423290,"2025年7月6日 ～ 2027年7月6日",なし,2年,自社所有物件を第三者に賃貸。テナントとの良好な関係維持を重視。,,,,,,,,,,株式会社メディカルケア,493-6990,"2175 Erdman Corner Apt. 077
West Eldredmouth, OH 38239",,09-4455-3065,048-353-1767,contact@medical-care.co.jp,https://www.senior-life.com,医療・介護事業を主力とする安定した事業基盤を持つ企業。,,,,,,,,,,,,,,,,,,,,,,,,,,,,,,,,,,,,,,,,,,,,,,,,,,,,,,,,,,,,,,,,,,,,,,,,,,,,,,,,,,,,,,,,,,,,,,,,,,,,,,,,,,,,,,,,,,,,,,2025-04-23,,,伊藤工業,その他,,,,,,5,0
株式会社シダー,54001,"あおぞらの里 小文字ヘルパーステ－ション",5471200001,,,,,,,,,,,,,,,,ヘルパー,"2024年04月01日 ～ 2030年03月31日",自社,2459.42,743.93,44,87358212,117428,,,,,自社所有物件として長期的な運営を予定。,,,,,,,,,,,,,,,,,,,,,,,,,,,,,,,,,,,,,,,,,,,,,,,,,,,,,,,,,,,,,,,,,,,,,,,,,,,,,,,,,,,,,,,,,,,,,,,,,,,,,,,,,,,,,,,,,,,,,,,,,,,,,,,,,,,,,,,,2025-01-26,,,渡辺リフォーム,その他,,,,,,4,0
株式会社シダー,54011,"あおぞらの里 和白ヘルパーステーション",5471200011,,,,,,,,,,,,,,,,ヘルパー,"2024年04月01日 ～ 2030年03月31日",自社,1647.03,498.19,32,54530881,109458,,,,,自社所有物件として長期的な運営を予定。,,,,,,,,,,,,,,,,,,,,,,,,,,,,,,,,,,,,,,,,,,,,,,,,,,,,,,,,,,,,,,,,,,,,,,,,,,,,,,,,,,,,,,,,,,,,,,,,,,,,,,,,,,,,,,,,,,,,,,,,,,,,,,,,,,,,,,,,2025-03-10,,,小林電設,その他,,,,,,3,0
株式会社シダー,54021,"あおぞらの里 行橋ヘルパーステーション",5471200021,,,,,,,,,,,,,,,,ヘルパー,"2024年04月01日 ～ 2030年03月31日",自社,1273.93,385.34,24,76936984,199660,,,,,自社所有物件として長期的な運営を予定。土地・建物の資産価値維持のため定期メンテナンス実施。,,,,,,,,,,,,,,,,,,,,,,,,,,,,,,,,,,,,,,,,,,,,,,,,,,,,,,,,,,,,,,,,,,,,,,,,,,,,,,,,,,,,,,,,,,,,,,,,,,,,,,,,,,,,,,,,,,,,,,,,,,,,,,,,,,,,,,,,2025-07-03,,,,その他,,,,,,2,0
株式会社シダー,60901,"あおぞらの里 御幸ヶ原ケアプランセンター",6071200901,,,,,,,,,,,,,,,,ケアプラン,"2024年04月01日 ～ 2030年03月31日",自社,2050.48,620.23,23,52538443,84708,,,,,自社所有物件として長期的な運営を予定。近隣に公共交通機関あり、アクセス良好。,,,,,,,,,,,,,,,,,,,,,,,,,,,,,,,,,,,,,,,,,,,,,,,,,,,,,,,,,,,,,,,,,,,,,,,,,,,,,,,,,,,,,,,,,,,,,,,,,,,,,,,,,,,,,,,,,,,,,,,,,,,,,,,,,,,,,,,,2025-07-29,,,,その他,,,,,,4,0
株式会社シダー,61201,"あおぞらの里 薬円台ケアプランセンター",6171200201,,,,,,,,,,,,,,,,ケアプラン,"2024年04月01日 ～ 2030年03月31日",賃借,2527.00,764.37,36,,,509741,"2024年10月12日 ～ 2027年10月12日",あり,3年,賃貸契約による運営。,住友不動産販売株式会社,028-5149,"3279 Von Brooks
Reginaldmouth, OR 74353",,09-8022-5890,0323-491-2724,info@realestate-service.jp,,清掃・設備点検等の日常管理業務を包括的に委託。,合資会社不動産経営,301-8084,"96889 Morar Villages Suite 689
Lake Dean, AR 88892",アパート△△,04-094-0092,,,,賃料改定については市場相場を考慮した柔軟な対応。,,,,,,,,,,,,,,,,,,,,,,,,,,,,,,,,,,,,,,,,,,,,,,,,,,,,,,,,,,,,,,,,,,,,,,,,,,,,,,,,,,,,,,,,,,,,,,,,,,,,,,,,,,,,,,,,,,,,,,2025-08-08,,,,その他,,,,,,5,0
株式会社シダー,61211,"あおぞらの里 六高台ケアプランセンター",6171200211,,,,,,,,,,,,,,,,ケアプラン,"2024年04月01日 ～ 2030年03月31日",自社,1379.76,417.35,28,71519600,171366,,,,,自社所有物件として長期的な運営を予定。周辺環境は住宅地で静穏。,,,,,,,,,,,,,,,,,,,,,,,,,,,,,,,,,,,,,,,,,,,,,,,,,,,,,,,,,,,,,,,,,,,,,,,,,,,,,,,,,,,,,,,,,,,,,,,,,,,,,,,,,,,,,,,,,,,,,,,,,,,,,,,,,,,,,,,,2024-09-28,,,佐藤建設,その他,,,,,,2,0
株式会社シダー,61212,"あおぞらの里 馬橋ケアプランセンター",6171200212,,,,,,,,,,,,,,,,ケアプラン,"2024年04月01日 ～ 2030年03月31日",自社,2882.06,871.77,29,140909416,161636,,,,,自社所有物件として長期的な運営を予定。災害時の避難経路確保済み。,,,,,,,,,,,,,,,,,,,,,,,,,,,,,,,,,,,,,,,,,,,,,,,,,,,,,,,,,,,,,,,,,,,,,,,,,,,,,,,,,,,,,,,,,,,,,,,,,,,,,,,,,,,,,,,,,,,,,,,,,,,,,,,,,,,,,,,,2025-09-04,,,,その他,,,,,,5,0
株式会社シダー,61221,"あおぞらの里 八千代ケアプランセンター",6171200221,,,,,,,,,,,,,,,,ケアプラン,"2024年04月01日 ～ 2030年03月31日",賃借,2152.35,651.04,17,,,259706,"2023年9月21日 ～ 2026年9月21日",なし,3年,賃貸契約による運営。契約更新時の条件見直し要検討。賃料改定の可能性について定期的に協議。近隣に公共交通機関あり、アクセス良好。バリアフリー対応済み。,住友不動産販売株式会社,295-1192,"202 Berry Radial
New Tessieside, OH 85804-0054",商業ビル4F,0426-54-2112,08-55-8298,office@property.co.jp,https://www.real-estate-service.jp,,"Connie Dicki",413-6072,"44956 Dameon Fork
East Clementberg, NH 40825",△△ハイツ□□号,07-505-6467,,,,賃料改定については市場相場を考慮した柔軟な対応。,,,,,,,,,,,,,,,,,,,,,,,,,,,,,,,,,,,,,,,,,,,,,,,,,,,,,,,,,,,,,,,,,,,,,,,,,,,,,,,,,,,,,,,,,,,,,,,,,,,,,,,,,,,,,,,,,,,,,,2024-10-20,,,伊藤工業,その他,,,,,,5,0
株式会社シダー,61231,"あおぞらの里 鎌ケ谷ケアプランセンター",6171200231,,,,,,,,,,,,,,,,ケアプラン,"2024年04月01日 ～ 2030年03月31日",自社,2756.48,833.78,38,141585016,169811,,,,,自社所有物件として長期的な運営を予定。災害時の避難経路確保済み。,,,,,,,,,,,,,,,,,,,,,,,,,,,,,,,,,,,,,,,,,,,,,,,,,,,,,,,,,,,,,,,,,,,,,,,,,,,,,,,,,,,,,,,,,,,,,,,,,,,,,,,,,,,,,,,,,,,,,,,,,,,,,,,,,,,,,,,,2025-09-17,,,高橋塗装,その他,,,,,,4,0
株式会社シダー,61241,"あおぞらの里 花見川アプランセンター",6171200241,,,,,,,,,,,,,,,,ケアプラン,"2024年04月01日 ～ 2030年03月31日",自社,2882.74,871.97,29,97824570,112188,,,,,自社所有物件として長期的な運営を予定。将来的な増築・改修計画あり。,,,,,,,,,,,,,,,,,,,,,,,,,,,,,,,,,,,,,,,,,,,,,,,,,,,,,,,,,,,,,,,,,,,,,,,,,,,,,,,,,,,,,,,,,,,,,,,,,,,,,,,,,,,,,,,,,,,,,,,,,,,,,,,,,,,,,,,,2025-07-17,,,株式会社山田工務店,その他,,,,,,5,0
株式会社シダー,61251,"あおぞらの里 逆井アプランセンター",6171200251,,,,,,,,,,,,,,,,ケアプラン,"2024年04月01日 ～ 2030年03月31日",自社（賃貸）,2314.33,700.04,39,100972370,144238,389541,"2024年9月13日 ～ 2027年9月13日",あり,3年,自社所有物件を第三者に賃貸。周辺環境は住宅地で静穏。バリアフリー対応済み。,,,,,,,,,,医療法人康生会,448-7842,"889 Koelpin Lodge Suite 160
North Delilah, NE 46075-3235",□□オフィス,049-59-7927,057-637-6660,facility@medical-care.co.jp,https://www.welfare-group.or.jp,事業拡大に伴い、長期的な利用を前提とした契約を希望。,,,,,,,,,,,,,,,,,,,,,,,,,,,,,,,,,,,,,,,,,,,,,,,,,,,,,,,,,,,,,,,,,,,,,,,,,,,,,,,,,,,,,,,,,,,,,,,,,,,,,,,,,,,,,,,,,,,,,,2024-08-20,,,,その他,,,,,,3,0
株式会社シダー,62301,"あおぞらの里 小牧ケアプランセンター",6271200301,,,,,,,,,,,,,,,,ケアプラン,"2024年04月01日 ～ 2030年03月31日",賃借,2187.31,661.62,45,,,207508,"2024年5月14日 ～ 2026年5月14日",なし,2年,賃貸契約による運営。周辺環境は住宅地で静穏。,野村不動産アーバンネット株式会社,733-5801,"775 Mariela Flats
Sonnychester, MI 94748",△△タワー12階,09-0548-8626,0593-375-1039,info@real-estate.jp,https://www.property-management.co.jp,24時間対応可能な管理体制を整備。緊急時の連絡先も明確化されている。,"Prof. Jadyn Goldner",731-4583,"330 Meagan Loaf Apt. 611
South Erica, NY 38343",戸建て住宅,0992-387-1516,0772-039-9077,arjun.stamm@example.org,,,,,,,,,,,,,,,,,,,,,,,,,,,,,,,,,,,,,,,,,,,,,,,,,,,,,,,,,,,,,,,,,,,,,,,,,,,,,,,,,,,,,,,,,,,,,,,,,,,,,,,,,,,,,,,,,,,,,,,,2025-08-22,,,,その他,,,,,,5,0
株式会社シダー,63301,"あおぞらの里 森松ケアプランセンター",6371200301,,,,,,,,,,,,,,,,ケアプラン,"2024年04月01日 ～ 2030年03月31日",自社（賃貸）,2077.55,628.42,30,102676287,163388,590662,"2024年9月30日 ～ 2027年9月30日",あり,3年,自社所有物件を第三者に賃貸。,,,,,,,,,,株式会社ライフケアサービス,506-4658,"87598 Lemke Stream Apt. 851
Kariland, NY 73991-1064",○○ビル本社,07-1872-6794,001-945-0843,office@healthcare.jp,,建物の維持管理についても積極的に協力する姿勢を示している。,,,,,,,,,,,,,,,,,,,,,,,,,,,,,,,,,,,,,,,,,,,,,,,,,,,,,,,,,,,,,,,,,,,,,,,,,,,,,,,,,,,,,,,,,,,,,,,,,,,,,,,,,,,,,,,,,,,,,,2024-12-21,,,渡辺リフォーム,その他,,,,,,2,0
株式会社シダー,63901,"あおぞらの里 下関ケアプランセンター",6371200901,,,,,,,,,,,,,,,,ケアプラン,"2024年04月01日 ～ 2030年03月31日",賃借,2584.68,781.81,34,,,585555,"2023年10月14日 ～ 2025年10月14日",あり,2年,賃貸契約による運営。周辺環境は住宅地で静穏。,三井不動産リアルティ株式会社,108-6940,"130 Tyra Freeway Apt. 488
Leefort, CT 07746-5808",商業ビル4F,02-71-9565,012-9593-0433,support@property.co.jp,https://www.management-company.com,地域密着型の管理会社として、きめ細かいサービスを提供。,"Mr. Kennedi Grady Jr.",503-3990,"893 Erica Squares
Antoniettaport, CT 41771",△△ハイツ□□号,030-579-0495,,geovanny40@example.net,,,,,,,,,,,,,,,,,,,,,,,,,,,,,,,,,,,,,,,,,,,,,,,,,,,,,,,,,,,,,,,,,,,,,,,,,,,,,,,,,,,,,,,,,,,,,,,,,,,,,,,,,,,,,,,,,,,,,,,,2025-09-09,,,田中電気工事,その他,,,,,,4,0
株式会社シダー,63902,"あおぞらの里 西の端ケアプランセンター",6371200902,,,,,,,,,,,,,,,,ケアプラン,"2024年04月01日 ～ 2030年03月31日",自社（賃貸）,889.32,269.00,18,47800224,177696,485703,"2025年2月14日 ～ 2026年2月14日",あり,1年,自社所有物件を第三者に賃貸。賃料収入による安定的な収益確保。テナントとの良好な関係維持を重視。バリアフリー対応済み。,,,,,,,,,,医療法人愛和会,006-8614,"3197 Krajcik Lodge Suite 707
New Hudson, AL 08628",ビジネスプラザ,0421-113-3307,05-8259-3373,contact@senior-care.com,https://www.medical-care.co.jp,施設の運営実績が豊富で、適切な管理体制が構築されている。,,,,,,,,,,,,,,,,,,,,,,,,,,,,,,,,,,,,,,,,,,,,,,,,,,,,,,,,,,,,,,,,,,,,,,,,,,,,,,,,,,,,,,,,,,,,,,,,,,,,,,,,,,,,,,,,,,,,,,2025-04-02,,,渡辺リフォーム,その他,,,,,,5,0
株式会社シダー,64001,"あおぞらの里 小文字ケアプランセンター",6471200001,,,,,,,,,,,,,,,,ケアプラン,"2024年04月01日 ～ 2030年03月31日",自社（賃貸）,1817.93,549.89,46,95414713,173516,315902,"2024年2月4日 ～ 2025年2月4日",なし,1年,自社所有物件を第三者に賃貸。,,,,,,,,,,医療法人清和会,673-8147,"51204 Jones Ferry
North Tianafort, ID 05136-1437",△△センター,06-71-8029,0059-18-0219,admin@welfare.or.jp,https://www.senior-life.com,建物の維持管理についても積極的に協力する姿勢を示している。,,,,,,,,,,,,,,,,,,,,,,,,,,,,,,,,,,,,,,,,,,,,,,,,,,,,,,,,,,,,,,,,,,,,,,,,,,,,,,,,,,,,,,,,,,,,,,,,,,,,,,,,,,,,,,,,,,,,,,2025-05-26,,,中村建築,その他,,,,,,5,0
株式会社シダー,64002,"あおぞらの里 黒崎ケアプランセンター",6471200002,,,,,,,,,,,,,,,,ケアプラン,"2024年04月01日 ～ 2030年03月31日",自社,973.07,294.33,16,49441848,167981,,,,,自社所有物件として長期的な運営を予定。,,,,,,,,,,,,,,,,,,,,,,,,,,,,,,,,,,,,,,,,,,,,,,,,,,,,,,,,,,,,,,,,,,,,,,,,,,,,,,,,,,,,,,,,,,,,,,,,,,,,,,,,,,,,,,,,,,,,,,,,,,,,,,,,,,,,,,,,2025-05-14,,,,その他,,,,,,4,0
株式会社シダー,64003,"あおぞらの里 徳力ケアプランセンター",6471200003,,,,,,,,,,,,,,,,ケアプラン,"2024年04月01日 ～ 2030年03月31日",賃借,1666.93,504.21,19,,,454952,"2024年12月12日 ～ 2027年12月12日",なし,3年,賃貸契約による運営。賃料改定の可能性について定期的に協議。近隣に公共交通機関あり、アクセス良好。,株式会社総合不動産サービス,594-3760,"898 Kuhn Rest Suite 098
Terryhaven, FL 37573",○○ビル5F,036-2501-9549,0415-0168-5687,management@management.com,https://www.property-care.jp,月次報告書の提出あり。建物の維持管理状況を定期的に報告。,"Mr. Nikolas Zulauf DVM",077-5698,"738 Brekke Shoal Apt. 215
Estrellachester, NM 45396-6542",,027-309-2671,,ortiz.anne@example.net,,,,,,,,,,,,,,,,,,,,,,,,,,,,,,,,,,,,,,,,,,,,,,,,,,,,,,,,,,,,,,,,,,,,,,,,,,,,,,,,,,,,,,,,,,,,,,,,,,,,,,,,,,,,,,,,,,,,,,,,2025-08-31,,,伊藤工業,その他,,,,,,4,0
株式会社シダー,64011,"あおぞらの里 和白ケアプランセンター",6471200011,,,,,,,,,,,,,,,,ケアプラン,"2024年04月01日 ～ 2030年03月31日",賃借,1891.22,572.06,25,,,530734,"2024年1月6日 ～ 2029年1月6日",なし,5年,賃貸契約による運営。近隣に公共交通機関あり、アクセス良好。周辺環境は住宅地で静穏。,有限会社プロパティマネジメント,318-3990,"8450 Jacobi Key
Keeblerfurt, OR 02783",,098-31-4366,033-838-5280,info@real-estate.jp,https://www.property-management.co.jp,大手不動産会社系列で、豊富な管理実績とノウハウを保有。,"Olin Ernser IV",172-0756,"711 Riley Overpass Apt. 645
Port Maxwellburgh, IN 88013-6286",△△ハイツ□□号,0507-02-5634,096-12-0730,rohan.sarah@example.com,,不動産投資の一環として複数物件を所有・運営。,,,,,,,,,,,,,,,,,,,,,,,,,,,,,,,,,,,,,,,,,,,,,,,,,,,,,,,,,,,,,,,,,,,,,,,,,,,,,,,,,,,,,,,,,,,,,,,,,,,,,,,,,,,,,,,,,,,,,,2025-06-19,,,高橋塗装,その他,,,,,,3,0
株式会社シダー,64012,"あおぞらの里 福岡西ケアプランセンター",6471200012,,,,,,,,,,,,,,,,ケアプラン,"2024年04月01日 ～ 2030年03月31日",自社,2901.73,877.72,28,105865320,120614,,,,,自社所有物件として長期的な運営を予定。近隣に公共交通機関あり、アクセス良好。,,,,,,,,,,,,,,,,,,,,,,,,,,,,,,,,,,,,,,,,,,,,,,,,,,,,,,,,,,,,,,,,,,,,,,,,,,,,,,,,,,,,,,,,,,,,,,,,,,,,,,,,,,,,,,,,,,,,,,,,,,,,,,,,,,,,,,,,2025-08-23,,,加藤住宅設備,その他,,,,,,5,0
株式会社シダー,64014,"あおぞらの里 舞松原ケアプランセンター",6471200014,,,,,,,,,,,,,,,,ケアプラン,"2024年04月01日 ～ 2030年03月31日",自社（賃貸）,1767.63,534.67,18,52655371,98482,584114,"2025年8月19日 ～ 2030年8月19日",なし,5年,自社所有物件を第三者に賃貸。テナントとの良好な関係維持を重視。近隣に公共交通機関あり、アクセス良好。周辺環境は住宅地で静穏。,,,,,,,,,,株式会社メディカルケア,093-9717,"424 Cummings Groves
Littleberg, DC 09617-5809",企業会館,0460-07-2982,026-5695-5890,admin@senior-care.com,https://www.senior-life.com,契約更新時の条件交渉においても誠実な対応を心がけている。,,,,,,,,,,,,,,,,,,,,,,,,,,,,,,,,,,,,,,,,,,,,,,,,,,,,,,,,,,,,,,,,,,,,,,,,,,,,,,,,,,,,,,,,,,,,,,,,,,,,,,,,,,,,,,,,,,,,,,2025-07-23,,,加藤住宅設備,その他,,,,,,4,0
株式会社シダー,64015,"あおぞらの里 香住ケ丘ケアプランセンター",6471200015,,,,,,,,,,,,,,,,ケアプラン,"2024年04月01日 ～ 2030年03月31日",自社（賃貸）,2847.24,861.23,38,131980053,153246,212895,"2024年10月10日 ～ 2026年10月10日",なし,2年,自社所有物件を第三者に賃貸。周辺環境は住宅地で静穏。,,,,,,,,,,株式会社ケアパートナー,414-3326,"655 Macie Springs Suite 275
Tyrelton, DC 59676",□□オフィス,08-592-2296,08-9316-9506,facility@healthcare.jp,https://www.medical-care.co.jp,,,,,,,,,,,,,,,,,,,,,,,,,,,,,,,,,,,,,,,,,,,,,,,,,,,,,,,,,,,,,,,,,,,,,,,,,,,,,,,,,,,,,,,,,,,,,,,,,,,,,,,,,,,,,,,,,,,,,,,2024-07-22,,,鈴木設備,その他,,,,,,3,0
株式会社シダー,64021,"あおぞらの里 行橋ケアプランセンター",6471200021,,,,,,,,,,,,,,,,ケアプラン,"2024年04月01日 ～ 2030年03月31日",自社,1614.06,488.22,48,48998736,100362,,,,,自社所有物件として長期的な運営を予定。土地・建物の資産価値維持のため定期メンテナンス実施。周辺環境は住宅地で静穏。,,,,,,,,,,,,,,,,,,,,,,,,,,,,,,,,,,,,,,,,,,,,,,,,,,,,,,,,,,,,,,,,,,,,,,,,,,,,,,,,,,,,,,,,,,,,,,,,,,,,,,,,,,,,,,,,,,,,,,,,,,,,,,,,,,,,,,,,2025-06-04,,,渡辺リフォーム,その他,,,,,,4,0
株式会社シダー,64031,"あおぞらの里 豊前ケアプランセンター",6471200031,,,,,,,,,,,,,,,,ケアプラン,"2024年04月01日 ～ 2030年03月31日",自社,1592.84,481.80,24,54930500,114011,,,,,自社所有物件として長期的な運営を予定。近隣に公共交通機関あり、アクセス良好。,,,,,,,,,,,,,,,,,,,,,,,,,,,,,,,,,,,,,,,,,,,,,,,,,,,,,,,,,,,,,,,,,,,,,,,,,,,,,,,,,,,,,,,,,,,,,,,,,,,,,,,,,,,,,,,,,,,,,,,,,,,,,,,,,,,,,,,,2024-11-08,,,鈴木設備,その他,,,,,,4,0
株式会社シダー,64041,"あおぞらの里 古賀ケアプランセンター",6471200041,,,,,,,,,,,,,,,,ケアプラン,"2024年04月01日 ～ 2030年03月31日",自社（賃貸）,919.50,278.13,26,45051497,161980,559878,"2023年10月12日 ～ 2025年10月12日",あり,2年,自社所有物件を第三者に賃貸。バリアフリー対応済み。,,,,,,,,,,社会福祉法人恵愛会,160-2001,"5459 Sporer Ridge Apt. 957
Fishershire, WA 70512-0755",ビジネスプラザ,0841-51-4702,02-5393-9429,facility@medical-care.co.jp,https://www.senior-life.com,建物の維持管理についても積極的に協力する姿勢を示している。,,,,,,,,,,,,,,,,,,,,,,,,,,,,,,,,,,,,,,,,,,,,,,,,,,,,,,,,,,,,,,,,,,,,,,,,,,,,,,,,,,,,,,,,,,,,,,,,,,,,,,,,,,,,,,,,,,,,,,2025-09-06,,,田中電気工事,その他,,,,,,3,0
株式会社シダー,64301,"あおぞらの里 西原ケアプランセンター",6471200301,,,,,,,,,,,,,,,,ケアプラン,"2024年04月01日 ～ 2030年03月31日",賃借,1688.09,510.61,35,,,200244,"2023年11月6日 ～ 2028年11月6日",あり,5年,賃貸契約による運営。,野村不動産アーバンネット株式会社,928-9027,"92534 Heaven Villages
Lake Wellingtonmouth, NE 25343",ビジネスセンター8階,04-35-4541,0637-186-2061,info@property.co.jp,,,"Josie Reinger",033-0768,"7487 Winfield Harbor Suite 444
Angusview, AL 08476",住宅○○,0903-445-8307,04-87-7570,,,地域の発展に貢献したいとの意向で長期契約を希望。,,,,,,,,,,,,,,,,,,,,,,,,,,,,,,,,,,,,,,,,,,,,,,,,,,,,,,,,,,,,,,,,,,,,,,,,,,,,,,,,,,,,,,,,,,,,,,,,,,,,,,,,,,,,,,,,,,,,,,2025-05-15,,,渡辺リフォーム,その他,,,,,,2,0
株式会社シダー,00001,本社,0071200001,,,,,,,,,,,,,,,,本社,"2024年04月01日 ～ 2030年03月31日",賃借,1761.60,532.85,42,,,283358,"2025年7月8日 ～ 2026年7月8日",なし,1年,賃貸契約による運営。契約更新時の条件見直し要検討。,積水ハウス不動産株式会社,927-5090,"769 Otilia Pines
Abagailchester, CT 80984",,0240-0895-3449,08-205-2867,management@property.co.jp,https://www.management-company.com,24時間対応可能な管理体制を整備。緊急時の連絡先も明確化されている。,有限会社土地活用,367-9521,"1738 Rohan Lodge
Port Antonettechester, ND 98749",,02-67-3982,05-59-9723,,,建物の維持管理に積極的で、定期的な修繕を実施。,自社,,,,,,,,,,,,,,,,,,,,,,,,,,,,,,,,,,,,,,,,,,,,,,,,,,,,,,,,,,,,,,,,,,,,,,,,,,,,,,,,,,,,,,,,,,,,,,,,,,,,,,,,,,,,,,,,,,,,test雨と,2025-10-23,修繕工事,,,内装リニューアル,内装・意匠履歴,,,,,15,0
株式会社シダー,00002,関東本部,0071200002,,,,,,,,,,,,,,,,本社,"2024年04月01日 ～ 2030年03月31日",自社（賃貸）,1337.11,404.45,18,68584609,169575,206658,"2024年1月14日 ～ 2025年1月14日",あり,1年,自社所有物件を第三者に賃貸。近隣に公共交通機関あり、アクセス良好。,,,,,,,,,,社会福祉法人希望の会,834-7640,"5439 Reggie Keys Apt. 031
East Gildafurt, PA 51957-2862",ビジネスプラザ,017-754-2691,01-1761-9466,admin@welfare.or.jp,https://www.medical-care.co.jp,建物の維持管理についても積極的に協力する姿勢を示している。,,,,,,,,,,,,,,,,,,,,,,,,,,,,,,,,,,,,,,,,,,,,,,,,,,,,,,,,,,,,,,,,,,,,,,,,,,,,,,,,,,,,,,,,,,,,,,,,,,,,,,,,,,,,,,,,,,,,,,2025-07-02,,,鈴木設備,その他,,,,,,4,0
